{"info":{"year":"2024","version":"1","description":"Exported from roboflow.com","contributor":"","url":"https://public.roboflow.com/object-detection/undefined","date_created":"2024-05-04T18:29:34+00:00"},"licenses":[{"id":1,"url":"https://creativecommons.org/licenses/by/4.0/","name":"CC BY 4.0"}],"categories":[{"id":0,"name":"green","supercategory":"none"},{"id":1,"name":"-","supercategory":"green"},{"id":2,"name":"chili","supercategory":"green"},{"id":3,"name":"garlic","supercategory":"green"},{"id":4,"name":"green_onion","supercategory":"green"},{"id":5,"name":"onion","supercategory":"green"}],"images":[{"id":0,"license":1,"file_name":"29_jpg.rf.1170b38cf0421f4121a765f1f326b307.jpg","height":640,"width":640,"date_captured":"2024-05-04T18:29:34+00:00"},{"id":1,"license":1,"file_name":"istockphoto-481293709-612x612_jpg.rf.023bb6ddace667603d2ba833f3a844e5.jpg","height":640,"width":640,"date_captured":"2024-05-04T18:29:34+00:00"},{"id":2,"license":1,"file_name":"istockphoto-518648596-612x612_jpg.rf.11da0316332fd49296ea43a4dbce7d08.jpg","height":640,"width":640,"date_captured":"2024-05-04T18:29:34+00:00"},{"id":3,"license":1,"file_name":"istockphoto-105627627-612x612_jpg.rf.06954d930a2a2939b6e85f4738fcc448.jpg","height":640,"width":640,"date_captured":"2024-05-04T18:29:34+00:00"},{"id":4,"license":1,"file_name":"istockphoto-526271825-612x612_jpg.rf.0a923b8249b7e7768a82b6714ce849ae.jpg","height":640,"width":640,"date_captured":"2024-05-04T18:29:34+00:00"},{"id":5,"license":1,"file_name":"istockphoto-158658523-612x612_jpg.rf.03c613c201b5d1a76d3f163c667fb416.jpg","height":640,"width":640,"date_captured":"2024-05-04T18:29:34+00:00"},{"id":6,"license":1,"file_name":"istockphoto-1284994129-612x612_jpg.rf.106f673f22b5f8169b8ba14facbbc2ec.jpg","height":640,"width":640,"date_captured":"2024-05-04T18:29:34+00:00"},{"id":7,"license":1,"file_name":"istockphoto-149216650-612x612_jpg.rf.1e0f12eba07a85bd5ac84db353531d54.jpg","height":640,"width":640,"date_captured":"2024-05-04T18:29:34+00:00"},{"id":8,"license":1,"file_name":"16_jpg.rf.16afb195b00ed51d7e0410a9c530c2c2.jpg","height":640,"width":640,"date_captured":"2024-05-04T18:29:34+00:00"},{"id":9,"license":1,"file_name":"istockphoto-516931496-612x612_jpg.rf.15bcf6ae9029eb755c23f8b2be1c62ff.jpg","height":640,"width":640,"date_captured":"2024-05-04T18:29:34+00:00"},{"id":10,"license":1,"file_name":"green_onion_24_jpg.rf.003964473f56cdf9eac823be7ace549f.jpg","height":640,"width":640,"date_captured":"2024-05-04T18:29:34+00:00"},{"id":11,"license":1,"file_name":"16_jpg.rf.04ce2162d3c8010dd372f0eb295172fb.jpg","height":640,"width":640,"date_captured":"2024-05-04T18:29:34+00:00"},{"id":12,"license":1,"file_name":"istockphoto-1150240630-612x612_jpg.rf.1afb6c47237810b239a61a4bd16519d4.jpg","height":640,"width":640,"date_captured":"2024-05-04T18:29:34+00:00"},{"id":13,"license":1,"file_name":"istockphoto-149216650-612x612_jpg.rf.0e55b5833e85ce06b2cb033180e4cabc.jpg","height":640,"width":640,"date_captured":"2024-05-04T18:29:34+00:00"},{"id":14,"license":1,"file_name":"istockphoto-686228546-612x612_jpg.rf.05f2b8d915f039a8745905a945fb5ceb.jpg","height":640,"width":640,"date_captured":"2024-05-04T18:29:34+00:00"},{"id":15,"license":1,"file_name":"43_jpg.rf.0b1941dbef161c9b0c3ea6908143ddec.jpg","height":640,"width":640,"date_captured":"2024-05-04T18:29:34+00:00"},{"id":16,"license":1,"file_name":"istockphoto-1293697912-612x612_jpg.rf.03e0e9d870534564a2d37e390bc58206.jpg","height":640,"width":640,"date_captured":"2024-05-04T18:29:34+00:00"},{"id":17,"license":1,"file_name":"25_jpg.rf.135d15169d7567e05e9738b29230bc91.jpg","height":640,"width":640,"date_captured":"2024-05-04T18:29:34+00:00"},{"id":18,"license":1,"file_name":"28_jpg.rf.0c2b4a0a555b608755ea2d2767d1bac5.jpg","height":640,"width":640,"date_captured":"2024-05-04T18:29:34+00:00"},{"id":19,"license":1,"file_name":"istockphoto-1293697912-612x612_jpg.rf.151f8b5ecdfbd3658385ab64cc0218df.jpg","height":640,"width":640,"date_captured":"2024-05-04T18:29:34+00:00"},{"id":20,"license":1,"file_name":"58_jpg.rf.075fb40bc5a94bd8465aed57abc97503.jpg","height":640,"width":640,"date_captured":"2024-05-04T18:29:34+00:00"},{"id":21,"license":1,"file_name":"green_onion_11_jpg.rf.165fcae58b79ccce0de5097cf5e33781.jpg","height":640,"width":640,"date_captured":"2024-05-04T18:29:34+00:00"},{"id":22,"license":1,"file_name":"istockphoto-1082536134-612x612_jpg.rf.2457b9a98cc5e22f9e6d5673568b4d19.jpg","height":640,"width":640,"date_captured":"2024-05-04T18:29:34+00:00"},{"id":23,"license":1,"file_name":"green_onion_2_jpg.rf.269c342451ada51d3932b3a355b199fc.jpg","height":640,"width":640,"date_captured":"2024-05-04T18:29:34+00:00"},{"id":24,"license":1,"file_name":"5_jpg.rf.19f9cc381113da65db37679f094770d5.jpg","height":640,"width":640,"date_captured":"2024-05-04T18:29:34+00:00"},{"id":25,"license":1,"file_name":"istockphoto-490959354-612x612_jpg.rf.252d2f6d717fcfe3ccb6f2b1471409f3.jpg","height":640,"width":640,"date_captured":"2024-05-04T18:29:34+00:00"},{"id":26,"license":1,"file_name":"istockphoto-504792136-612x612_jpg.rf.2ed62771576279f6d807c9323ddd7634.jpg","height":640,"width":640,"date_captured":"2024-05-04T18:29:34+00:00"},{"id":27,"license":1,"file_name":"istockphoto-1250948799-612x612_jpg.rf.25347cc070ab7fbcf0e5ec1353c82654.jpg","height":640,"width":640,"date_captured":"2024-05-04T18:29:34+00:00"},{"id":28,"license":1,"file_name":"8_jpg.rf.303c0603714f06838e2a5b6b62850e0f.jpg","height":640,"width":640,"date_captured":"2024-05-04T18:29:34+00:00"},{"id":29,"license":1,"file_name":"istockphoto-1022931814-612x612_jpg.rf.26e496b2512e8e953cad5be2fc2044f4.jpg","height":640,"width":640,"date_captured":"2024-05-04T18:29:34+00:00"},{"id":30,"license":1,"file_name":"47_jpg.rf.24c3698da5695880523d032079f23576.jpg","height":640,"width":640,"date_captured":"2024-05-04T18:29:34+00:00"},{"id":31,"license":1,"file_name":"istockphoto-1126736570-612x612_jpg.rf.3073c8132f9598f1809736d5053ccb35.jpg","height":640,"width":640,"date_captured":"2024-05-04T18:29:34+00:00"},{"id":32,"license":1,"file_name":"1_jpg.rf.13423e871ec4a405aadd5e6382801ca1.jpg","height":640,"width":640,"date_captured":"2024-05-04T18:29:34+00:00"},{"id":33,"license":1,"file_name":"48_jpg.rf.18f522886bc11fa246252a781b5f8b3a.jpg","height":640,"width":640,"date_captured":"2024-05-04T18:29:34+00:00"},{"id":34,"license":1,"file_name":"green_onion_16_jpg.rf.315ff528a7aaa5e91732bd8d939660fb.jpg","height":640,"width":640,"date_captured":"2024-05-04T18:29:34+00:00"},{"id":35,"license":1,"file_name":"green_onion_25_jpg.rf.2d1a2b9cdcf7ef584a8df5e3c1de3da8.jpg","height":640,"width":640,"date_captured":"2024-05-04T18:29:34+00:00"},{"id":36,"license":1,"file_name":"38_jpg.rf.2a44d2849d6e4d42b6804eacf099fde2.jpg","height":640,"width":640,"date_captured":"2024-05-04T18:29:34+00:00"},{"id":37,"license":1,"file_name":"15_jpg.rf.23c1bdca237b4e57791d0bb6e71b1ab5.jpg","height":640,"width":640,"date_captured":"2024-05-04T18:29:34+00:00"},{"id":38,"license":1,"file_name":"27_jpg.rf.2bd4cdb5838b50952ed7782c227c3e9b.jpg","height":640,"width":640,"date_captured":"2024-05-04T18:29:34+00:00"},{"id":39,"license":1,"file_name":"istockphoto-462199913-612x612_jpg.rf.334185759cd5c0349fd3a2ef21300349.jpg","height":640,"width":640,"date_captured":"2024-05-04T18:29:34+00:00"},{"id":40,"license":1,"file_name":"istockphoto-475954600-612x612_jpg.rf.30e11d5adefdf457bb262ba1fd84e39f.jpg","height":640,"width":640,"date_captured":"2024-05-04T18:29:34+00:00"},{"id":41,"license":1,"file_name":"41_jpg.rf.35259aab7d2b107c7d63eabf3e89ee83.jpg","height":640,"width":640,"date_captured":"2024-05-04T18:29:34+00:00"},{"id":42,"license":1,"file_name":"istockphoto-654099842-612x612_jpg.rf.3449d0897301a4f118b161faabbf39ac.jpg","height":640,"width":640,"date_captured":"2024-05-04T18:29:34+00:00"},{"id":43,"license":1,"file_name":"1_jpg.rf.35783938929122f9706714459fccf6cb.jpg","height":640,"width":640,"date_captured":"2024-05-04T18:29:34+00:00"},{"id":44,"license":1,"file_name":"istockphoto-1203919966-612x612_jpg.rf.3938c8394eb3030581e521a86e4c7b9a.jpg","height":640,"width":640,"date_captured":"2024-05-04T18:29:34+00:00"},{"id":45,"license":1,"file_name":"green_onion_4_jpg.rf.2aa82099ad66d59fc46e07279b21bab7.jpg","height":640,"width":640,"date_captured":"2024-05-04T18:29:34+00:00"},{"id":46,"license":1,"file_name":"istockphoto-502864130-612x612_jpg.rf.357c970f1faad066fbc558fe558522b3.jpg","height":640,"width":640,"date_captured":"2024-05-04T18:29:34+00:00"},{"id":47,"license":1,"file_name":"22_jpg.rf.390355864841991c5c92e3a89485baeb.jpg","height":640,"width":640,"date_captured":"2024-05-04T18:29:34+00:00"},{"id":48,"license":1,"file_name":"istockphoto-474126792-612x612_jpg.rf.358d9c821ae5209b690cc00c9e8c55b8.jpg","height":640,"width":640,"date_captured":"2024-05-04T18:29:34+00:00"},{"id":49,"license":1,"file_name":"green_onion_14_jpg.rf.394f61be31dff1be647da080b1a97156.jpg","height":640,"width":640,"date_captured":"2024-05-04T18:29:34+00:00"},{"id":50,"license":1,"file_name":"istockphoto-1269882347-612x612_jpg.rf.44d065203a73aeee3dcfd0f342c45d2c.jpg","height":640,"width":640,"date_captured":"2024-05-04T18:29:34+00:00"},{"id":51,"license":1,"file_name":"istockphoto-1161679995-612x612_jpg.rf.46e0f07a77d569b856d0e0903df5271d.jpg","height":640,"width":640,"date_captured":"2024-05-04T18:29:34+00:00"},{"id":52,"license":1,"file_name":"istockphoto-507004161-612x612_jpg.rf.4619df7789de2c6376bd8904a2df15aa.jpg","height":640,"width":640,"date_captured":"2024-05-04T18:29:34+00:00"},{"id":53,"license":1,"file_name":"45_jpg.rf.42e5f674c266f7af0d83e8826cc97e04.jpg","height":640,"width":640,"date_captured":"2024-05-04T18:29:34+00:00"},{"id":54,"license":1,"file_name":"green_onion_18_jpg.rf.4264eb3f80510c584bee3b00dce8195b.jpg","height":640,"width":640,"date_captured":"2024-05-04T18:29:34+00:00"},{"id":55,"license":1,"file_name":"istockphoto-483184696-612x612_jpg.rf.4aa486fe41279b5086e23985caf6ed7e.jpg","height":640,"width":640,"date_captured":"2024-05-04T18:29:34+00:00"},{"id":56,"license":1,"file_name":"17_jpg.rf.3d275b703aabca244f9a8cba04ee68c8.jpg","height":640,"width":640,"date_captured":"2024-05-04T18:29:34+00:00"},{"id":57,"license":1,"file_name":"istockphoto-535525726-612x612_jpg.rf.46ce53ec0c25a7bdc1a524ad2a0b6458.jpg","height":640,"width":640,"date_captured":"2024-05-04T18:29:34+00:00"},{"id":58,"license":1,"file_name":"istockphoto-641692148-612x612_jpg.rf.4541a4228ee48ae1719c7f6f2eb80606.jpg","height":640,"width":640,"date_captured":"2024-05-04T18:29:34+00:00"},{"id":59,"license":1,"file_name":"istockphoto-1293697859-612x612_jpg.rf.489f81e86a048805988a14d1e0c06c2e.jpg","height":640,"width":640,"date_captured":"2024-05-04T18:29:34+00:00"},{"id":60,"license":1,"file_name":"22_jpg.rf.4e7d000114db240709b3ea0c32fa62f9.jpg","height":640,"width":640,"date_captured":"2024-05-04T18:29:34+00:00"},{"id":61,"license":1,"file_name":"24_jpg.rf.4e0d218b09f3c3285b518631a61c1cd8.jpg","height":640,"width":640,"date_captured":"2024-05-04T18:29:34+00:00"},{"id":62,"license":1,"file_name":"istockphoto-1209185443-612x612_jpg.rf.4593144ca7dbf117d0fb070b4151e488.jpg","height":640,"width":640,"date_captured":"2024-05-04T18:29:34+00:00"},{"id":63,"license":1,"file_name":"15_jpg.rf.51d7a3d6c5c2147d6ebbd3e346acc208.jpg","height":640,"width":640,"date_captured":"2024-05-04T18:29:34+00:00"},{"id":64,"license":1,"file_name":"istockphoto-172176934-612x612_jpg.rf.205a851c9c07c668e22e26301d16d7d9.jpg","height":640,"width":640,"date_captured":"2024-05-04T18:29:34+00:00"},{"id":65,"license":1,"file_name":"istockphoto-1269882347-612x612_jpg.rf.417c930b71ec960d627cd881bea4c33f.jpg","height":640,"width":640,"date_captured":"2024-05-04T18:29:34+00:00"},{"id":66,"license":1,"file_name":"istockphoto-652946744-612x612_jpg.rf.46ab20b071acb3152ecf48193c1d51de.jpg","height":640,"width":640,"date_captured":"2024-05-04T18:29:34+00:00"},{"id":67,"license":1,"file_name":"istockphoto-1194511370-612x612_jpg.rf.52baaa41621bd40cb851d30d29852579.jpg","height":640,"width":640,"date_captured":"2024-05-04T18:29:34+00:00"},{"id":68,"license":1,"file_name":"istockphoto-1217330256-612x612_jpg.rf.423eb2621e0d7c0a4cbd8b0fb9b1d17c.jpg","height":640,"width":640,"date_captured":"2024-05-04T18:29:34+00:00"},{"id":69,"license":1,"file_name":"istockphoto-1166976430-612x612_jpg.rf.4fdd2433992f555fb2fe10a6e30c5c3f.jpg","height":640,"width":640,"date_captured":"2024-05-04T18:29:34+00:00"},{"id":70,"license":1,"file_name":"10_jpg.rf.49c0b806fc74e815f093c7304cf2b6d5.jpg","height":640,"width":640,"date_captured":"2024-05-04T18:29:34+00:00"},{"id":71,"license":1,"file_name":"istockphoto-1130633726-612x612_jpg.rf.51b27ef7bafe853f33d771923462675c.jpg","height":640,"width":640,"date_captured":"2024-05-04T18:29:34+00:00"},{"id":72,"license":1,"file_name":"26_jpg.rf.26ac89241d41c73866474db99a5281ba.jpg","height":640,"width":640,"date_captured":"2024-05-04T18:29:34+00:00"},{"id":73,"license":1,"file_name":"40_jpg.rf.4ec01c344e487d18df8967c579026daf.jpg","height":640,"width":640,"date_captured":"2024-05-04T18:29:34+00:00"},{"id":74,"license":1,"file_name":"istockphoto-1022931814-612x612_jpg.rf.529e0881ee2aa1faa883bb604efb01db.jpg","height":640,"width":640,"date_captured":"2024-05-04T18:29:34+00:00"},{"id":75,"license":1,"file_name":"istockphoto-641917650-612x612_jpg.rf.5348a195b3ef63fd22df05502fe26eb2.jpg","height":640,"width":640,"date_captured":"2024-05-04T18:29:34+00:00"},{"id":76,"license":1,"file_name":"istockphoto-926043440-612x612_jpg.rf.53e9ae1a77b2d52663ee99941a83c59d.jpg","height":640,"width":640,"date_captured":"2024-05-04T18:29:34+00:00"},{"id":77,"license":1,"file_name":"4_jpg.rf.54a89ad95900717210294b4147189e41.jpg","height":640,"width":640,"date_captured":"2024-05-04T18:29:34+00:00"},{"id":78,"license":1,"file_name":"19_jpg.rf.52f37cd22477db4d504e4aada41538d3.jpg","height":640,"width":640,"date_captured":"2024-05-04T18:29:34+00:00"},{"id":79,"license":1,"file_name":"34_jpg.rf.580b054b9ecf0c8f4906b8536f05ad5a.jpg","height":640,"width":640,"date_captured":"2024-05-04T18:29:34+00:00"},{"id":80,"license":1,"file_name":"istockphoto-1166976430-612x612_jpg.rf.6583548780074f6176c0c444afc38f73.jpg","height":640,"width":640,"date_captured":"2024-05-04T18:29:34+00:00"},{"id":81,"license":1,"file_name":"green_onion_21_jpg.rf.554ac5075a541103b5821dd2d7995bfe.jpg","height":640,"width":640,"date_captured":"2024-05-04T18:29:34+00:00"},{"id":82,"license":1,"file_name":"istockphoto-509007177-612x612_jpg.rf.5e09f3d48907c5071eaac42ea3a3268a.jpg","height":640,"width":640,"date_captured":"2024-05-04T18:29:34+00:00"},{"id":83,"license":1,"file_name":"istockphoto-1317138288-612x612_jpg.rf.598cdea2ffee51c7947c83e4b0a06cfa.jpg","height":640,"width":640,"date_captured":"2024-05-04T18:29:34+00:00"},{"id":84,"license":1,"file_name":"istockphoto-1178711850-612x612_jpg.rf.59d87c917d1c8290f04bda1132e0d0ec.jpg","height":640,"width":640,"date_captured":"2024-05-04T18:29:34+00:00"},{"id":85,"license":1,"file_name":"istockphoto-897832282-612x612_jpg.rf.5bc5a821af5e932d2d5a41d632f85933.jpg","height":640,"width":640,"date_captured":"2024-05-04T18:29:34+00:00"},{"id":86,"license":1,"file_name":"17_jpg.rf.5d817f15461feb2c3a101be4d54dde95.jpg","height":640,"width":640,"date_captured":"2024-05-04T18:29:34+00:00"},{"id":87,"license":1,"file_name":"13_jpg.rf.665797185c256147efb4041000b23cda.jpg","height":640,"width":640,"date_captured":"2024-05-04T18:29:34+00:00"},{"id":88,"license":1,"file_name":"istockphoto-470428578-612x612_jpg.rf.5f528b170a09d38f5a73e5ee2869d190.jpg","height":640,"width":640,"date_captured":"2024-05-04T18:29:34+00:00"},{"id":89,"license":1,"file_name":"59_jpg.rf.623fdf1d527a79c36daba7d44157e94a.jpg","height":640,"width":640,"date_captured":"2024-05-04T18:29:34+00:00"},{"id":90,"license":1,"file_name":"istockphoto-1293697859-612x612_jpg.rf.5b32e069266b52d5d84fefa45dd04fb2.jpg","height":640,"width":640,"date_captured":"2024-05-04T18:29:34+00:00"},{"id":91,"license":1,"file_name":"58_jpg.rf.67f023a3fb04e9048b103f63e4214b50.jpg","height":640,"width":640,"date_captured":"2024-05-04T18:29:34+00:00"},{"id":92,"license":1,"file_name":"istockphoto-1277021177-612x612_jpg.rf.681b0a08fc80b05400d2351bd4a09075.jpg","height":640,"width":640,"date_captured":"2024-05-04T18:29:34+00:00"},{"id":93,"license":1,"file_name":"istockphoto-529500529-612x612_jpg.rf.690f307fd92971b6be0afdbd1f003c67.jpg","height":640,"width":640,"date_captured":"2024-05-04T18:29:34+00:00"},{"id":94,"license":1,"file_name":"istockphoto-1150240630-612x612_jpg.rf.686984e37c15c492a2f479dedc856498.jpg","height":640,"width":640,"date_captured":"2024-05-04T18:29:34+00:00"},{"id":95,"license":1,"file_name":"44_jpg.rf.5e4fc6007bc26ae253f127b16f293730.jpg","height":640,"width":640,"date_captured":"2024-05-04T18:29:34+00:00"},{"id":96,"license":1,"file_name":"istockphoto-675658608-612x612_jpg.rf.531af04673eff627ccc0db2ff573d277.jpg","height":640,"width":640,"date_captured":"2024-05-04T18:29:34+00:00"},{"id":97,"license":1,"file_name":"istockphoto-1209185443-612x612_jpg.rf.64fb71f8148dc4ac41b5615e29f0b929.jpg","height":640,"width":640,"date_captured":"2024-05-04T18:29:34+00:00"},{"id":98,"license":1,"file_name":"istockphoto-670164190-612x612_jpg.rf.691612abcc29ba997d20601d7a4fe826.jpg","height":640,"width":640,"date_captured":"2024-05-04T18:29:34+00:00"},{"id":99,"license":1,"file_name":"istockphoto-622292466-612x612_jpg.rf.5a24666d79904633ce97bb71ddbe140d.jpg","height":640,"width":640,"date_captured":"2024-05-04T18:29:34+00:00"},{"id":100,"license":1,"file_name":"12_jpg.rf.656a840bc18fd4b7530e3a47fdde779c.jpg","height":640,"width":640,"date_captured":"2024-05-04T18:29:34+00:00"},{"id":101,"license":1,"file_name":"3_jpg.rf.60675dd444b8f3cf7d08f204789f2d12.jpg","height":640,"width":640,"date_captured":"2024-05-04T18:29:34+00:00"},{"id":102,"license":1,"file_name":"istockphoto-1194511370-612x612_jpg.rf.680f244aefc6e7d05f73f4d6e20be1d8.jpg","height":640,"width":640,"date_captured":"2024-05-04T18:29:34+00:00"},{"id":103,"license":1,"file_name":"istockphoto-686228546-612x612_jpg.rf.6cdee1799f53db6af032543121459563.jpg","height":640,"width":640,"date_captured":"2024-05-04T18:29:34+00:00"},{"id":104,"license":1,"file_name":"istockphoto-172210533-612x612_jpg.rf.6da9b4333791626fd93bb860e5d0b347.jpg","height":640,"width":640,"date_captured":"2024-05-04T18:29:34+00:00"},{"id":105,"license":1,"file_name":"istockphoto-156821479-612x612_jpg.rf.6fd90a28ba60047888e0fee825c6e82c.jpg","height":640,"width":640,"date_captured":"2024-05-04T18:29:34+00:00"},{"id":106,"license":1,"file_name":"green_onion_10_jpg.rf.69b22c1ca0ac40024cf82c3b881ea41b.jpg","height":640,"width":640,"date_captured":"2024-05-04T18:29:34+00:00"},{"id":107,"license":1,"file_name":"green_onion_6_jpg.rf.6f4be93ab3b7aa23b88015868785753f.jpg","height":640,"width":640,"date_captured":"2024-05-04T18:29:34+00:00"},{"id":108,"license":1,"file_name":"green_onion_9_jpg.rf.6ed57f7a241cfded5be474a98aab71f2.jpg","height":640,"width":640,"date_captured":"2024-05-04T18:29:34+00:00"},{"id":109,"license":1,"file_name":"green_onion_3_jpg.rf.6ade2d5801e64286841b464ec51c1239.jpg","height":640,"width":640,"date_captured":"2024-05-04T18:29:34+00:00"},{"id":110,"license":1,"file_name":"21_jpg.rf.780ac4ef5a445f8fad3657eff6cb975f.jpg","height":640,"width":640,"date_captured":"2024-05-04T18:29:34+00:00"},{"id":111,"license":1,"file_name":"istockphoto-474126792-612x612_jpg.rf.7a093360a28a981f5728bf4a21fdc3e8.jpg","height":640,"width":640,"date_captured":"2024-05-04T18:29:34+00:00"},{"id":112,"license":1,"file_name":"istockphoto-470428578-612x612_jpg.rf.84ff184f34e1236bcce57a71c60f205c.jpg","height":640,"width":640,"date_captured":"2024-05-04T18:29:34+00:00"},{"id":113,"license":1,"file_name":"18_jpg.rf.70ebba7536f050b2b55f69a5c5360f3d.jpg","height":640,"width":640,"date_captured":"2024-05-04T18:29:34+00:00"},{"id":114,"license":1,"file_name":"27_jpg.rf.78a40d76633d50afe1ef0ef6bf270be4.jpg","height":640,"width":640,"date_captured":"2024-05-04T18:29:34+00:00"},{"id":115,"license":1,"file_name":"istockphoto-491244813-612x612_jpg.rf.752bf69f64c8fee9a493d75e30d5c13e.jpg","height":640,"width":640,"date_captured":"2024-05-04T18:29:34+00:00"},{"id":116,"license":1,"file_name":"istockphoto-1082536134-612x612_jpg.rf.772852c30237fa73763ae2c1e480b026.jpg","height":640,"width":640,"date_captured":"2024-05-04T18:29:34+00:00"},{"id":117,"license":1,"file_name":"istockphoto-511931768-612x612_jpg.rf.7297a4dd14ef0058f182c90b09a43a5c.jpg","height":640,"width":640,"date_captured":"2024-05-04T18:29:34+00:00"},{"id":118,"license":1,"file_name":"istockphoto-638286928-612x612_jpg.rf.7ad7920dc0f61230172530455eaa4b6c.jpg","height":640,"width":640,"date_captured":"2024-05-04T18:29:34+00:00"},{"id":119,"license":1,"file_name":"green_onion_26_jpg.rf.86b7c812248cb1759f1961ed2d1686d0.jpg","height":640,"width":640,"date_captured":"2024-05-04T18:29:34+00:00"},{"id":120,"license":1,"file_name":"42_jpg.rf.8846b28d00fb1852b5423565eb696132.jpg","height":640,"width":640,"date_captured":"2024-05-04T18:29:34+00:00"},{"id":121,"license":1,"file_name":"green_onion_17_jpg.rf.8bbd6f03627bfb4d003ecd0fd3508df6.jpg","height":640,"width":640,"date_captured":"2024-05-04T18:29:34+00:00"},{"id":122,"license":1,"file_name":"istockphoto-120715173-612x612_jpg.rf.756518fb939382bd71f2e73f26028538.jpg","height":640,"width":640,"date_captured":"2024-05-04T18:29:34+00:00"},{"id":123,"license":1,"file_name":"istockphoto-172210533-612x612_jpg.rf.81d0bd6fa5deba31ebad493adc8b9fea.jpg","height":640,"width":640,"date_captured":"2024-05-04T18:29:34+00:00"},{"id":124,"license":1,"file_name":"istockphoto-149335431-612x612_jpg.rf.7a9af26cccba8a8bb60d5f73d8c9653c.jpg","height":640,"width":640,"date_captured":"2024-05-04T18:29:34+00:00"},{"id":125,"license":1,"file_name":"istockphoto-1149878004-612x612_jpg.rf.8840b5877749f4378a99311f31d3fea4.jpg","height":640,"width":640,"date_captured":"2024-05-04T18:29:34+00:00"},{"id":126,"license":1,"file_name":"today2_jpeg.rf.90c26bfb1e96798914b65140a952c8b0.jpg","height":640,"width":640,"date_captured":"2024-05-04T18:29:34+00:00"},{"id":127,"license":1,"file_name":"istockphoto-516931496-612x612_jpg.rf.8c5e4c8482f9072d1cd183c28b56f0a1.jpg","height":640,"width":640,"date_captured":"2024-05-04T18:29:34+00:00"},{"id":128,"license":1,"file_name":"20dayimg3_jpeg.rf.959a868133781b10ec4aa251ef0cb1b4.jpg","height":640,"width":640,"date_captured":"2024-05-04T18:29:34+00:00"},{"id":129,"license":1,"file_name":"istockphoto-1339214191-612x612_jpg.rf.91ec6452f2ebf9bc072af2ede661d0f4.jpg","height":640,"width":640,"date_captured":"2024-05-04T18:29:34+00:00"},{"id":130,"license":1,"file_name":"istockphoto-1166976430-612x612_jpg.rf.9954c4b8f669356cc0e77e9a00112b7d.jpg","height":640,"width":640,"date_captured":"2024-05-04T18:29:34+00:00"},{"id":131,"license":1,"file_name":"istockphoto-1095322950-612x612_jpg.rf.96bd34846224823ac1725ddc3c88f6f3.jpg","height":640,"width":640,"date_captured":"2024-05-04T18:29:34+00:00"},{"id":132,"license":1,"file_name":"istockphoto-507004161-612x612_jpg.rf.9c94081607ee20f318c938cb47ebe007.jpg","height":640,"width":640,"date_captured":"2024-05-04T18:29:34+00:00"},{"id":133,"license":1,"file_name":"istockphoto-1149878004-612x612_jpg.rf.9b72c1d9cc8366b93157a064c847c3d5.jpg","height":640,"width":640,"date_captured":"2024-05-04T18:29:34+00:00"},{"id":134,"license":1,"file_name":"istockphoto-860432686-612x612_jpg.rf.91515480c0001eb5c674b08d83d4a82f.jpg","height":640,"width":640,"date_captured":"2024-05-04T18:29:34+00:00"},{"id":135,"license":1,"file_name":"green_onion_30_jpg.rf.88553b82575ee8958576c2c462478808.jpg","height":640,"width":640,"date_captured":"2024-05-04T18:29:34+00:00"},{"id":136,"license":1,"file_name":"istockphoto-504792136-612x612_jpg.rf.6a7d6c26c87517ed2c4d1f407fbaa76b.jpg","height":640,"width":640,"date_captured":"2024-05-04T18:29:34+00:00"},{"id":137,"license":1,"file_name":"44_jpg.rf.9b5b1c7597160c33429b793da8b92e32.jpg","height":640,"width":640,"date_captured":"2024-05-04T18:29:34+00:00"},{"id":138,"license":1,"file_name":"istockphoto-1217330256-612x612_jpg.rf.79ccef75dd297d4680a9c158fbe03e11.jpg","height":640,"width":640,"date_captured":"2024-05-04T18:29:34+00:00"},{"id":139,"license":1,"file_name":"51_jpg.rf.9407239462d8910ec6f15dce9b177aaa.jpg","height":640,"width":640,"date_captured":"2024-05-04T18:29:34+00:00"},{"id":140,"license":1,"file_name":"istockphoto-149216650-612x612_jpg.rf.8edc93de1709a3ee233261b3e7be1e04.jpg","height":640,"width":640,"date_captured":"2024-05-04T18:29:34+00:00"},{"id":141,"license":1,"file_name":"46_jpg.rf.925ffbc12326923bfb0b5c6814e08217.jpg","height":640,"width":640,"date_captured":"2024-05-04T18:29:34+00:00"},{"id":142,"license":1,"file_name":"11_jpg.rf.9440d847609b5f8947148c2e2f8822c8.jpg","height":640,"width":640,"date_captured":"2024-05-04T18:29:34+00:00"},{"id":143,"license":1,"file_name":"istockphoto-1095322950-612x612_jpg.rf.9dd422d56c3b323b3ff38a9e08701849.jpg","height":640,"width":640,"date_captured":"2024-05-04T18:29:34+00:00"},{"id":144,"license":1,"file_name":"istockphoto-535525726-612x612_jpg.rf.9ceaaab668df8272135230d66965b5ec.jpg","height":640,"width":640,"date_captured":"2024-05-04T18:29:34+00:00"},{"id":145,"license":1,"file_name":"istockphoto-475954600-612x612_jpg.rf.9de57fd550c8fefb6fedf60c34f5ca31.jpg","height":640,"width":640,"date_captured":"2024-05-04T18:29:34+00:00"},{"id":146,"license":1,"file_name":"istockphoto-156821479-612x612_jpg.rf.a007cd0fd7bc3f4149c9eb368f672938.jpg","height":640,"width":640,"date_captured":"2024-05-04T18:29:34+00:00"},{"id":147,"license":1,"file_name":"istockphoto-1030211674-612x612_jpg.rf.9e24375120dacff032a4f1bb6ee782b6.jpg","height":640,"width":640,"date_captured":"2024-05-04T18:29:34+00:00"},{"id":148,"license":1,"file_name":"46_jpg.rf.a21503640c3feaf40e8393aeed17502b.jpg","height":640,"width":640,"date_captured":"2024-05-04T18:29:34+00:00"},{"id":149,"license":1,"file_name":"27_jpg.rf.a46d2c2034a70de83343962307d5332f.jpg","height":640,"width":640,"date_captured":"2024-05-04T18:29:34+00:00"},{"id":150,"license":1,"file_name":"istockphoto-1188455791-612x612_jpg.rf.a0df5318b9e542c44d27d377fbc62263.jpg","height":640,"width":640,"date_captured":"2024-05-04T18:29:34+00:00"},{"id":151,"license":1,"file_name":"istockphoto-1293697912-612x612_jpg.rf.a2d0ec3f03ce39cba1c56fb7d0b51e93.jpg","height":640,"width":640,"date_captured":"2024-05-04T18:29:34+00:00"},{"id":152,"license":1,"file_name":"14_jpg.rf.a8c7582ae2c9b2635f7131b684e0dd46.jpg","height":640,"width":640,"date_captured":"2024-05-04T18:29:34+00:00"},{"id":153,"license":1,"file_name":"45_jpg.rf.931bf28674047250ce742c896ccd469e.jpg","height":640,"width":640,"date_captured":"2024-05-04T18:29:34+00:00"},{"id":154,"license":1,"file_name":"istockphoto-120715173-612x612_jpg.rf.a1d359289cfe7d5183ef01e4e0c123ae.jpg","height":640,"width":640,"date_captured":"2024-05-04T18:29:34+00:00"},{"id":155,"license":1,"file_name":"11_jpg.rf.ad7b2a8e2cbada7b7acd2ab9006ebe68.jpg","height":640,"width":640,"date_captured":"2024-05-04T18:29:34+00:00"},{"id":156,"license":1,"file_name":"36_jpg.rf.adcac68d622e2cadf1ce4f341bcae7f9.jpg","height":640,"width":640,"date_captured":"2024-05-04T18:29:34+00:00"},{"id":157,"license":1,"file_name":"istockphoto-158658523-612x612_jpg.rf.a15d73dd792c8a828b7d1fbb2e956e42.jpg","height":640,"width":640,"date_captured":"2024-05-04T18:29:34+00:00"},{"id":158,"license":1,"file_name":"25_jpg.rf.a8fd7acd16d7207f4bd17f9c6a5ffad5.jpg","height":640,"width":640,"date_captured":"2024-05-04T18:29:34+00:00"},{"id":159,"license":1,"file_name":"37_jpg.rf.a822422bb0b520f2ef10010667feac1b.jpg","height":640,"width":640,"date_captured":"2024-05-04T18:29:34+00:00"},{"id":160,"license":1,"file_name":"istockphoto-1284994129-612x612_jpg.rf.a8d218b84fc336111b537df131d6fe8c.jpg","height":640,"width":640,"date_captured":"2024-05-04T18:29:34+00:00"},{"id":161,"license":1,"file_name":"istockphoto-149335553-612x612_jpg.rf.b5ab0a5bf88cfcbfd228cf05881537b7.jpg","height":640,"width":640,"date_captured":"2024-05-04T18:29:34+00:00"},{"id":162,"license":1,"file_name":"istockphoto-509007177-612x612_jpg.rf.af173c688eca29695ecbedb36c323060.jpg","height":640,"width":640,"date_captured":"2024-05-04T18:29:34+00:00"},{"id":163,"license":1,"file_name":"green_onion_19_jpg.rf.acf3d1a6a2c32aa51304eb974bd6361c.jpg","height":640,"width":640,"date_captured":"2024-05-04T18:29:34+00:00"},{"id":164,"license":1,"file_name":"57_jpg.rf.b04b508015a456f7305aae4b5e183eee.jpg","height":640,"width":640,"date_captured":"2024-05-04T18:29:34+00:00"},{"id":165,"license":1,"file_name":"istockphoto-897832282-612x612_jpg.rf.ad8a9fc05a02871dbe457cdee177d9b1.jpg","height":640,"width":640,"date_captured":"2024-05-04T18:29:34+00:00"},{"id":166,"license":1,"file_name":"istockphoto-134073114-612x612_jpg.rf.b0e6db6179687bcc9ca47e53b9a3236a.jpg","height":640,"width":640,"date_captured":"2024-05-04T18:29:34+00:00"},{"id":167,"license":1,"file_name":"istockphoto-1188455173-612x612_jpg.rf.be04f1cd4cb18968b87dd298f476d959.jpg","height":640,"width":640,"date_captured":"2024-05-04T18:29:34+00:00"},{"id":168,"license":1,"file_name":"50_jpg.rf.b616bbcb1d90ecdaec8dc0488fb5d203.jpg","height":640,"width":640,"date_captured":"2024-05-04T18:29:34+00:00"},{"id":169,"license":1,"file_name":"green_onion_15_jpg.rf.ba9ca694ea4afbf046c1c5a5ea2df006.jpg","height":640,"width":640,"date_captured":"2024-05-04T18:29:34+00:00"},{"id":170,"license":1,"file_name":"istockphoto-172176934-612x612_jpg.rf.b4a185d99965acbe15d307d672ed71aa.jpg","height":640,"width":640,"date_captured":"2024-05-04T18:29:34+00:00"},{"id":171,"license":1,"file_name":"istockphoto-675658608-612x612_jpg.rf.b959e1fb44742d8507a0aab2fceb1cd7.jpg","height":640,"width":640,"date_captured":"2024-05-04T18:29:34+00:00"},{"id":172,"license":1,"file_name":"istockphoto-498583723-612x612_jpg.rf.c09bcbcba104fe1ada69ea9e64dc4665.jpg","height":640,"width":640,"date_captured":"2024-05-04T18:29:34+00:00"},{"id":173,"license":1,"file_name":"istockphoto-625387552-612x612_jpg.rf.bd89a08d109302a9a5738e2c63489f99.jpg","height":640,"width":640,"date_captured":"2024-05-04T18:29:34+00:00"},{"id":174,"license":1,"file_name":"35_jpg.rf.be70278c7358c611671be798b486ccd4.jpg","height":640,"width":640,"date_captured":"2024-05-04T18:29:34+00:00"},{"id":175,"license":1,"file_name":"green_onion_29_jpg.rf.c10fbde6817e889d56b81b5d6a8e0c5e.jpg","height":640,"width":640,"date_captured":"2024-05-04T18:29:34+00:00"},{"id":176,"license":1,"file_name":"32_jpg.rf.bcdfdd7de1c2cc795bbd3c7f04ca4789.jpg","height":640,"width":640,"date_captured":"2024-05-04T18:29:34+00:00"},{"id":177,"license":1,"file_name":"istockphoto-622292466-612x612_jpg.rf.c1de5274e79ed662a4f0711a9b2a4082.jpg","height":640,"width":640,"date_captured":"2024-05-04T18:29:34+00:00"},{"id":178,"license":1,"file_name":"istockphoto-490959354-612x612_jpg.rf.af8a1f4e087876c84e7766cc6a7a810b.jpg","height":640,"width":640,"date_captured":"2024-05-04T18:29:34+00:00"},{"id":179,"license":1,"file_name":"green_onion_27_jpg.rf.c67c1ad4f2f0c21c81a6199bb29d7c28.jpg","height":640,"width":640,"date_captured":"2024-05-04T18:29:34+00:00"},{"id":180,"license":1,"file_name":"24_jpg.rf.c7a1b75e893a284792cc5add7298cfd2.jpg","height":640,"width":640,"date_captured":"2024-05-04T18:29:34+00:00"},{"id":181,"license":1,"file_name":"istockphoto-1022931814-612x612_jpg.rf.b8de28a2942edb8d76349c24275ce315.jpg","height":640,"width":640,"date_captured":"2024-05-04T18:29:34+00:00"},{"id":182,"license":1,"file_name":"istockphoto-158658523-612x612_jpg.rf.c48657fb8cd6886c197f28ccb538e75a.jpg","height":640,"width":640,"date_captured":"2024-05-04T18:29:34+00:00"},{"id":183,"license":1,"file_name":"20_jpg.rf.cbab2def70d9d6f47a7d1788249bbe42.jpg","height":640,"width":640,"date_captured":"2024-05-04T18:29:34+00:00"},{"id":184,"license":1,"file_name":"istockphoto-671779740-612x612_jpg.rf.c59adcaf3cb2288613a06e7dc961896c.jpg","height":640,"width":640,"date_captured":"2024-05-04T18:29:34+00:00"},{"id":185,"license":1,"file_name":"istockphoto-1317138423-612x612_jpg.rf.cf8881a6584468908f6d9e7184df2c36.jpg","height":640,"width":640,"date_captured":"2024-05-04T18:29:34+00:00"},{"id":186,"license":1,"file_name":"green_onion_22_jpg.rf.cc70dee14ab08333c16d4dc44d2ea3a7.jpg","height":640,"width":640,"date_captured":"2024-05-04T18:29:34+00:00"},{"id":187,"license":1,"file_name":"istockphoto-1284994129-612x612_jpg.rf.cf097eb8348de6af90d4cb68763c724a.jpg","height":640,"width":640,"date_captured":"2024-05-04T18:29:34+00:00"},{"id":188,"license":1,"file_name":"3_jpg.rf.c2604963eb7c57ddb0e1bd41ce622a49.jpg","height":640,"width":640,"date_captured":"2024-05-04T18:29:34+00:00"},{"id":189,"license":1,"file_name":"istockphoto-462199913-612x612_jpg.rf.d5f48da8135c081e4969709d3def437a.jpg","height":640,"width":640,"date_captured":"2024-05-04T18:29:34+00:00"},{"id":190,"license":1,"file_name":"istockphoto-490959354-612x612_jpg.rf.d70faffb0d82e8f74c4c776d9695862b.jpg","height":640,"width":640,"date_captured":"2024-05-04T18:29:34+00:00"},{"id":191,"license":1,"file_name":"36_jpg.rf.c2172db37816da15e59de8646b854e7b.jpg","height":640,"width":640,"date_captured":"2024-05-04T18:29:34+00:00"},{"id":192,"license":1,"file_name":"29_jpg.rf.dd6c35adc77f767df9a549a107d946c4.jpg","height":640,"width":640,"date_captured":"2024-05-04T18:29:34+00:00"},{"id":193,"license":1,"file_name":"8_jpg.rf.ce35b7524becd98622795d47b7f559b5.jpg","height":640,"width":640,"date_captured":"2024-05-04T18:29:34+00:00"},{"id":194,"license":1,"file_name":"11_jpg.rf.d4f90b920417de192032d26dcf5aa577.jpg","height":640,"width":640,"date_captured":"2024-05-04T18:29:34+00:00"},{"id":195,"license":1,"file_name":"59_jpg.rf.e2c1d868c4cabfbe5e57ef6a3c7cdb73.jpg","height":640,"width":640,"date_captured":"2024-05-04T18:29:34+00:00"},{"id":196,"license":1,"file_name":"37_jpg.rf.ebed1aa73de18fb6cd78cd3ce7c065ab.jpg","height":640,"width":640,"date_captured":"2024-05-04T18:29:34+00:00"},{"id":197,"license":1,"file_name":"green_onion_28_jpg.rf.deaa5083edab6d4df613b482fcee8a64.jpg","height":640,"width":640,"date_captured":"2024-05-04T18:29:34+00:00"},{"id":198,"license":1,"file_name":"istockphoto-502864130-612x612_jpg.rf.e5ba8263121eab92b3b3164230e73c2f.jpg","height":640,"width":640,"date_captured":"2024-05-04T18:29:34+00:00"},{"id":199,"license":1,"file_name":"50_jpg.rf.e4aecb7b08a2e6d3cf224abb3d5900ba.jpg","height":640,"width":640,"date_captured":"2024-05-04T18:29:34+00:00"},{"id":200,"license":1,"file_name":"green_onion_20_jpg.rf.ed08ed459e8ec46b19664435248c6f38.jpg","height":640,"width":640,"date_captured":"2024-05-04T18:29:34+00:00"},{"id":201,"license":1,"file_name":"istockphoto-1144370023-612x612_jpg.rf.dc5037636cbca5d2b93fd82f0e00ca86.jpg","height":640,"width":640,"date_captured":"2024-05-04T18:29:34+00:00"},{"id":202,"license":1,"file_name":"istockphoto-1308667920-612x612_jpg.rf.e1d0ecddb561f874238b21a0763237a9.jpg","height":640,"width":640,"date_captured":"2024-05-04T18:29:34+00:00"},{"id":203,"license":1,"file_name":"43_jpg.rf.eb45a6dd5905cfc05b6d45fc8d4eae3d.jpg","height":640,"width":640,"date_captured":"2024-05-04T18:29:34+00:00"},{"id":204,"license":1,"file_name":"green_onion_5_jpg.rf.de657cfe429cbfc3af2b245dbef9c65e.jpg","height":640,"width":640,"date_captured":"2024-05-04T18:29:34+00:00"},{"id":205,"license":1,"file_name":"istockphoto-1149878004-612x612_jpg.rf.ea06964372b42bd0b047031bc2d11d9d.jpg","height":640,"width":640,"date_captured":"2024-05-04T18:29:34+00:00"},{"id":206,"license":1,"file_name":"istockphoto-1203919966-612x612_jpg.rf.eed6cd200ae0a0192a4f94402a0154c4.jpg","height":640,"width":640,"date_captured":"2024-05-04T18:29:34+00:00"},{"id":207,"license":1,"file_name":"istockphoto-597634800-612x612_jpg.rf.edcd7ab5ddcf6324e24e9be436eb95ba.jpg","height":640,"width":640,"date_captured":"2024-05-04T18:29:34+00:00"},{"id":208,"license":1,"file_name":"green_onion_13_jpg.rf.f3e306fbc3f352642beb5b670f302ce5.jpg","height":640,"width":640,"date_captured":"2024-05-04T18:29:34+00:00"},{"id":209,"license":1,"file_name":"istockphoto-875618016-612x612_jpg.rf.f47028d038c1ce23fdd484c14c07ebcb.jpg","height":640,"width":640,"date_captured":"2024-05-04T18:29:34+00:00"},{"id":210,"license":1,"file_name":"istockphoto-1221565686-612x612_jpg.rf.f2cf3140f6684e6e1a2a8e6799c80af7.jpg","height":640,"width":640,"date_captured":"2024-05-04T18:29:34+00:00"},{"id":211,"license":1,"file_name":"istockphoto-1210174614-612x612_jpg.rf.f54a4ff6a6be441bcdfa351bd671945d.jpg","height":640,"width":640,"date_captured":"2024-05-04T18:29:34+00:00"},{"id":212,"license":1,"file_name":"istockphoto-1339214191-612x612_jpg.rf.f2650b8364ebf783d809067e7fc2564a.jpg","height":640,"width":640,"date_captured":"2024-05-04T18:29:34+00:00"},{"id":213,"license":1,"file_name":"55_jpg.rf.e991b5725763753ac0d67a3b2a76d83f.jpg","height":640,"width":640,"date_captured":"2024-05-04T18:29:34+00:00"},{"id":214,"license":1,"file_name":"600_jpg.rf.f52737cfe4875d3f5000005f5ad67d31.jpg","height":640,"width":640,"date_captured":"2024-05-04T18:29:34+00:00"},{"id":215,"license":1,"file_name":"istockphoto-1297931483-612x612_jpg.rf.f8e37e1c5925ef0b955c99527cb3b8e1.jpg","height":640,"width":640,"date_captured":"2024-05-04T18:29:34+00:00"},{"id":216,"license":1,"file_name":"istockphoto-875618016-612x612_jpg.rf.f55efef2769e832d64d732f0d605f6b5.jpg","height":640,"width":640,"date_captured":"2024-05-04T18:29:34+00:00"},{"id":217,"license":1,"file_name":"green_onion_12_jpg.rf.f05209b5650316ba82cb8e13aae62f89.jpg","height":640,"width":640,"date_captured":"2024-05-04T18:29:34+00:00"},{"id":218,"license":1,"file_name":"51_jpg.rf.fa6f4f7355bfd4475c73fe07789d0b8d.jpg","height":640,"width":640,"date_captured":"2024-05-04T18:29:34+00:00"},{"id":219,"license":1,"file_name":"istockphoto-1130633726-612x612_jpg.rf.f7498cd6cc1d64708a9992888378ef99.jpg","height":640,"width":640,"date_captured":"2024-05-04T18:29:34+00:00"},{"id":220,"license":1,"file_name":"istockphoto-149335553-612x612_jpg.rf.fd93e3bb51682b85753414620ec04bc8.jpg","height":640,"width":640,"date_captured":"2024-05-04T18:29:34+00:00"},{"id":221,"license":1,"file_name":"green_onion_8_jpg.rf.fa7885e1e14e0e8aa8f6d80974758dd9.jpg","height":640,"width":640,"date_captured":"2024-05-04T18:29:34+00:00"},{"id":222,"license":1,"file_name":"istockphoto-529500529-612x612_jpg.rf.e72996cba175b70fdbdc4e1a806c1e31.jpg","height":640,"width":640,"date_captured":"2024-05-04T18:29:34+00:00"},{"id":223,"license":1,"file_name":"green_onion_1_jpg.rf.f482740f7328a262937861859bde2eb1.jpg","height":640,"width":640,"date_captured":"2024-05-04T18:29:34+00:00"},{"id":224,"license":1,"file_name":"green_onion_7_jpg.rf.fe83daa5b18f8124a416f0ec6988f9a6.jpg","height":640,"width":640,"date_captured":"2024-05-04T18:29:34+00:00"},{"id":225,"license":1,"file_name":"55_jpg.rf.fd9d9caeb53ee374298939de03caa80f.jpg","height":640,"width":640,"date_captured":"2024-05-04T18:29:34+00:00"},{"id":226,"license":1,"file_name":"istockphoto-1092733674-612x612_jpg.rf.fa6b562eceb0d836df4cc835284fd5cd.jpg","height":640,"width":640,"date_captured":"2024-05-04T18:29:34+00:00"},{"id":227,"license":1,"file_name":"3_jpg.rf.f4296c7f90ed6dbacd537d2b5f67cf12.jpg","height":640,"width":640,"date_captured":"2024-05-04T18:29:34+00:00"},{"id":228,"license":1,"file_name":"istockphoto-1250948799-612x612_jpg.rf.f5966a2464be0bec1f27e72ea9e12bc7.jpg","height":640,"width":640,"date_captured":"2024-05-04T18:29:34+00:00"},{"id":229,"license":1,"file_name":"green_onion_23_jpg.rf.eb50731b51b2da5e57abbd36ba7acbe4.jpg","height":640,"width":640,"date_captured":"2024-05-04T18:29:34+00:00"}],"annotations":[{"id":0,"image_id":0,"category_id":4,"bbox":[0,109,640,413],"area":264320,"segmentation":[],"iscrowd":0},{"id":1,"image_id":1,"category_id":4,"bbox":[101,0,375.5,151],"area":56700.5,"segmentation":[],"iscrowd":0},{"id":2,"image_id":2,"category_id":4,"bbox":[158,14,352.5,626],"area":220665,"segmentation":[],"iscrowd":0},{"id":3,"image_id":3,"category_id":4,"bbox":[121,77,174.5,471],"area":82189.5,"segmentation":[],"iscrowd":0},{"id":4,"image_id":3,"category_id":4,"bbox":[272,108,100.5,463.5],"area":46581.75,"segmentation":[],"iscrowd":0},{"id":5,"image_id":3,"category_id":4,"bbox":[353,161,106.5,388.5],"area":41375.25,"segmentation":[],"iscrowd":0},{"id":6,"image_id":4,"category_id":4,"bbox":[10,165,629,264.5],"area":166370.5,"segmentation":[],"iscrowd":0},{"id":7,"image_id":4,"category_id":4,"bbox":[0,352,507,256],"area":129792,"segmentation":[],"iscrowd":0},{"id":8,"image_id":5,"category_id":4,"bbox":[0,192,638,286],"area":182468,"segmentation":[],"iscrowd":0},{"id":9,"image_id":6,"category_id":4,"bbox":[240,0,174,640],"area":111360,"segmentation":[],"iscrowd":0},{"id":10,"image_id":7,"category_id":4,"bbox":[151,41,375,581],"area":217875,"segmentation":[],"iscrowd":0},{"id":11,"image_id":8,"category_id":4,"bbox":[9,100,584.5,538.5],"area":314753.25,"segmentation":[],"iscrowd":0},{"id":12,"image_id":9,"category_id":4,"bbox":[0,0,487,432],"area":210384,"segmentation":[],"iscrowd":0},{"id":13,"image_id":9,"category_id":4,"bbox":[222,344,417,229.5],"area":95701.5,"segmentation":[],"iscrowd":0},{"id":14,"image_id":9,"category_id":4,"bbox":[58,139,582.368,377.13],"area":219628.236,"segmentation":[[640,139.087,57.632,447.203,93.599,516.217,636.934,252.57,640,183.295,640,139.087]],"iscrowd":0},{"id":15,"image_id":10,"category_id":1,"bbox":[0,3,640,637],"area":407680,"segmentation":[],"iscrowd":0},{"id":16,"image_id":11,"category_id":4,"bbox":[36,229,602.5,219],"area":131947.5,"segmentation":[],"iscrowd":0},{"id":17,"image_id":12,"category_id":4,"bbox":[0,0,220,571],"area":125620,"segmentation":[],"iscrowd":0},{"id":18,"image_id":12,"category_id":4,"bbox":[235,16,205,623.5],"area":127817.5,"segmentation":[],"iscrowd":0},{"id":19,"image_id":12,"category_id":4,"bbox":[342,100,276,527.5],"area":145590,"segmentation":[],"iscrowd":0},{"id":20,"image_id":12,"category_id":4,"bbox":[18,0,158.5,522],"area":82737,"segmentation":[],"iscrowd":0},{"id":21,"image_id":13,"category_id":4,"bbox":[0,44,635.5,520.5],"area":330777.75,"segmentation":[],"iscrowd":0},{"id":22,"image_id":14,"category_id":4,"bbox":[0,100,638,366],"area":233508,"segmentation":[],"iscrowd":0},{"id":23,"image_id":15,"category_id":4,"bbox":[78,155,104.5,473.5],"area":49480.75,"segmentation":[],"iscrowd":0},{"id":24,"image_id":15,"category_id":4,"bbox":[175,83,106,530],"area":56180,"segmentation":[],"iscrowd":0},{"id":25,"image_id":15,"category_id":4,"bbox":[241,18,141.5,608.5],"area":86102.75,"segmentation":[],"iscrowd":0},{"id":26,"image_id":15,"category_id":4,"bbox":[339,54,189.5,519.5],"area":98445.25,"segmentation":[],"iscrowd":0},{"id":27,"image_id":16,"category_id":4,"bbox":[0,298,432,336],"area":145152,"segmentation":[],"iscrowd":0},{"id":28,"image_id":16,"category_id":4,"bbox":[158,85,468.418,378.749],"area":177412.718,"segmentation":[[626.056,419.591,504.201,259.56,205.426,84.847,157.639,117.04,563.523,463.596,626.056,419.591]],"iscrowd":0},{"id":29,"image_id":17,"category_id":4,"bbox":[116,0,404,637],"area":257348,"segmentation":[],"iscrowd":0},{"id":30,"image_id":18,"category_id":4,"bbox":[0,156,639,243],"area":155277,"segmentation":[],"iscrowd":0},{"id":31,"image_id":19,"category_id":4,"bbox":[6,191,574.135,351.313],"area":201700.897,"segmentation":[[5.594,284.518,491.872,541.901,579.729,450.317,70.091,190.588,5.594,284.518]],"iscrowd":0},{"id":32,"image_id":19,"category_id":4,"bbox":[152,97,488.078,230.644],"area":112572.376,"segmentation":[[639.532,328.07,640,299.408,153.235,97.425,151.922,181.962,639.532,328.07]],"iscrowd":0},{"id":33,"image_id":19,"category_id":4,"bbox":[0,16,640,614.637],"area":393367.757,"segmentation":[[0,431.944,396.162,630.906,640,384.604,638.881,200.996,225.028,16.269,0,254.886,0,431.944]],"iscrowd":0},{"id":34,"image_id":20,"category_id":4,"bbox":[0,80,638,471],"area":300498,"segmentation":[],"iscrowd":0},{"id":35,"image_id":21,"category_id":1,"bbox":[1,1,639,594],"area":379566,"segmentation":[],"iscrowd":0},{"id":36,"image_id":22,"category_id":4,"bbox":[1,127,632,469.5],"area":296724,"segmentation":[],"iscrowd":0},{"id":37,"image_id":22,"category_id":4,"bbox":[1,212,639,183],"area":116937,"segmentation":[],"iscrowd":0},{"id":38,"image_id":22,"category_id":4,"bbox":[0,357,520,211],"area":109720,"segmentation":[],"iscrowd":0},{"id":39,"image_id":23,"category_id":1,"bbox":[3,1,604,637.5],"area":385050,"segmentation":[],"iscrowd":0},{"id":40,"image_id":23,"category_id":1,"bbox":[301,1,285.5,633.5],"area":180864.25,"segmentation":[],"iscrowd":0},{"id":41,"image_id":23,"category_id":1,"bbox":[43,1,266,635],"area":168910,"segmentation":[],"iscrowd":0},{"id":42,"image_id":24,"category_id":4,"bbox":[0,0,638,638],"area":407044,"segmentation":[],"iscrowd":0},{"id":43,"image_id":24,"category_id":4,"bbox":[270,57,291.5,554],"area":161491,"segmentation":[],"iscrowd":0},{"id":44,"image_id":24,"category_id":4,"bbox":[128,21,153.5,604.5],"area":92790.75,"segmentation":[],"iscrowd":0},{"id":45,"image_id":25,"category_id":4,"bbox":[18,4,544.5,617],"area":335956.5,"segmentation":[],"iscrowd":0},{"id":46,"image_id":26,"category_id":4,"bbox":[23,201,508.5,307.5],"area":156363.75,"segmentation":[],"iscrowd":0},{"id":47,"image_id":27,"category_id":4,"bbox":[27,45,498,414.5],"area":206421,"segmentation":[],"iscrowd":0},{"id":48,"image_id":28,"category_id":4,"bbox":[0,208,640,97],"area":62080,"segmentation":[],"iscrowd":0},{"id":49,"image_id":28,"category_id":4,"bbox":[1,307,638.5,139],"area":88751.5,"segmentation":[],"iscrowd":0},{"id":50,"image_id":29,"category_id":4,"bbox":[0,88,640,344],"area":220160,"segmentation":[],"iscrowd":0},{"id":51,"image_id":30,"category_id":4,"bbox":[160,0,346,591],"area":204486,"segmentation":[],"iscrowd":0},{"id":52,"image_id":31,"category_id":4,"bbox":[0,0,561.5,611],"area":343076.5,"segmentation":[],"iscrowd":0},{"id":53,"image_id":32,"category_id":4,"bbox":[149,1,314,597],"area":187458,"segmentation":[],"iscrowd":0},{"id":54,"image_id":33,"category_id":4,"bbox":[0,62,635.5,482],"area":306311,"segmentation":[],"iscrowd":0},{"id":55,"image_id":34,"category_id":1,"bbox":[1,132,639,487.5],"area":311512.5,"segmentation":[],"iscrowd":0},{"id":56,"image_id":35,"category_id":1,"bbox":[17,1,623,639],"area":398097,"segmentation":[],"iscrowd":0},{"id":57,"image_id":35,"category_id":1,"bbox":[226,9,404.5,631],"area":255239.5,"segmentation":[],"iscrowd":0},{"id":58,"image_id":36,"category_id":4,"bbox":[80,118,457.5,514.5],"area":235383.75,"segmentation":[],"iscrowd":0},{"id":59,"image_id":37,"category_id":4,"bbox":[36,0,549,627.5],"area":344497.5,"segmentation":[],"iscrowd":0},{"id":60,"image_id":37,"category_id":4,"bbox":[78,97,436,401.5],"area":175054,"segmentation":[],"iscrowd":0},{"id":61,"image_id":38,"category_id":4,"bbox":[0,80,554.281,496.612],"area":275262.168,"segmentation":[[0,429.152,125.827,576.877,554.281,110.059,517.261,80.265,0,422.674,0,429.152]],"iscrowd":0},{"id":62,"image_id":38,"category_id":4,"bbox":[0,25,520.588,383.991],"area":199901.247,"segmentation":[[0,361.004,4.009,409.357,520.588,75.966,455.85,25.365,0,286.187,0,361.004]],"iscrowd":0},{"id":63,"image_id":38,"category_id":4,"bbox":[259,332,227,198.5],"area":45059.5,"segmentation":[],"iscrowd":0},{"id":64,"image_id":38,"category_id":4,"bbox":[318,319,196.5,138],"area":27117,"segmentation":[],"iscrowd":0},{"id":65,"image_id":38,"category_id":4,"bbox":[0,69,541,409],"area":221269,"segmentation":[],"iscrowd":0},{"id":66,"image_id":39,"category_id":4,"bbox":[0,194,638,283],"area":180554,"segmentation":[],"iscrowd":0},{"id":67,"image_id":39,"category_id":4,"bbox":[81,189,514,92],"area":47288,"segmentation":[],"iscrowd":0},{"id":68,"image_id":40,"category_id":4,"bbox":[0,83,638,481],"area":306878,"segmentation":[],"iscrowd":0},{"id":69,"image_id":41,"category_id":4,"bbox":[1,151,484,477],"area":230868,"segmentation":[],"iscrowd":0},{"id":70,"image_id":42,"category_id":4,"bbox":[484,2,94,515.5],"area":48457,"segmentation":[],"iscrowd":0},{"id":71,"image_id":42,"category_id":4,"bbox":[412,3,81,606.5],"area":49126.5,"segmentation":[],"iscrowd":0},{"id":72,"image_id":42,"category_id":4,"bbox":[73,332,123,289],"area":35547,"segmentation":[],"iscrowd":0},{"id":73,"image_id":42,"category_id":4,"bbox":[220,309,108,331],"area":35748,"segmentation":[],"iscrowd":0},{"id":74,"image_id":42,"category_id":4,"bbox":[341,279,71.5,357.5],"area":25561.25,"segmentation":[],"iscrowd":0},{"id":75,"image_id":43,"category_id":4,"bbox":[202,18,260,621.5],"area":161590,"segmentation":[],"iscrowd":0},{"id":76,"image_id":44,"category_id":4,"bbox":[92,0,398.5,640],"area":255040,"segmentation":[],"iscrowd":0},{"id":77,"image_id":45,"category_id":1,"bbox":[5,164,626,379],"area":237254,"segmentation":[],"iscrowd":0},{"id":78,"image_id":46,"category_id":4,"bbox":[0,42,621.509,432.396],"area":268738.325,"segmentation":[[0,448.053,39.943,474.196,332.919,251.299,483.637,222,617.013,169.79,621.509,89.848,503.351,105.275,471.756,66.184,386.002,41.799,3.519,354.618,0,435.539,0,448.053]],"iscrowd":0},{"id":79,"image_id":47,"category_id":4,"bbox":[0,149,639,132],"area":84348,"segmentation":[],"iscrowd":0},{"id":80,"image_id":47,"category_id":4,"bbox":[42,298,598,196.5],"area":117507,"segmentation":[],"iscrowd":0},{"id":81,"image_id":48,"category_id":4,"bbox":[163,33,318.5,411],"area":130903.5,"segmentation":[],"iscrowd":0},{"id":82,"image_id":49,"category_id":1,"bbox":[25,1,615,531],"area":326565,"segmentation":[],"iscrowd":0},{"id":83,"image_id":50,"category_id":4,"bbox":[0,32,452,343],"area":155036,"segmentation":[],"iscrowd":0},{"id":84,"image_id":50,"category_id":4,"bbox":[92,211,523.5,331.5],"area":173540.25,"segmentation":[],"iscrowd":0},{"id":85,"image_id":51,"category_id":4,"bbox":[43,51,321.5,96],"area":30864,"segmentation":[],"iscrowd":0},{"id":86,"image_id":51,"category_id":4,"bbox":[24,136,330,109],"area":35970,"segmentation":[],"iscrowd":0},{"id":87,"image_id":51,"category_id":4,"bbox":[2,243,343.5,108],"area":37098,"segmentation":[],"iscrowd":0},{"id":88,"image_id":51,"category_id":4,"bbox":[0,378,632,118],"area":74576,"segmentation":[],"iscrowd":0},{"id":89,"image_id":51,"category_id":4,"bbox":[0,483,447.5,62],"area":27745,"segmentation":[],"iscrowd":0},{"id":90,"image_id":52,"category_id":4,"bbox":[164,105,316,494.5],"area":156262,"segmentation":[],"iscrowd":0},{"id":91,"image_id":53,"category_id":4,"bbox":[40,369,600,98.5],"area":59100,"segmentation":[],"iscrowd":0},{"id":92,"image_id":53,"category_id":4,"bbox":[47,284,593,93.5],"area":55445.5,"segmentation":[],"iscrowd":0},{"id":93,"image_id":54,"category_id":1,"bbox":[1,0,634,639.5],"area":405443,"segmentation":[],"iscrowd":0},{"id":94,"image_id":55,"category_id":4,"bbox":[9,150,597,360],"area":214920,"segmentation":[],"iscrowd":0},{"id":95,"image_id":56,"category_id":4,"bbox":[1,68,638,420.5],"area":268279,"segmentation":[],"iscrowd":0},{"id":96,"image_id":57,"category_id":4,"bbox":[124,66,460,451],"area":207460,"segmentation":[],"iscrowd":0},{"id":97,"image_id":58,"category_id":4,"bbox":[117,231,443,347.5],"area":153942.5,"segmentation":[],"iscrowd":0},{"id":98,"image_id":59,"category_id":4,"bbox":[1,62,555,228],"area":126540,"segmentation":[],"iscrowd":0},{"id":99,"image_id":59,"category_id":4,"bbox":[14,130,584,271.5],"area":158556,"segmentation":[],"iscrowd":0},{"id":100,"image_id":59,"category_id":4,"bbox":[40,191,597,267.5],"area":159697.5,"segmentation":[],"iscrowd":0},{"id":101,"image_id":60,"category_id":4,"bbox":[0,128,616,291.5],"area":179564,"segmentation":[],"iscrowd":0},{"id":102,"image_id":61,"category_id":4,"bbox":[202,236,431,264],"area":113784,"segmentation":[],"iscrowd":0},{"id":103,"image_id":62,"category_id":4,"bbox":[0,422,614,152.5],"area":93635,"segmentation":[],"iscrowd":0},{"id":104,"image_id":62,"category_id":4,"bbox":[59,113,580.5,129.5],"area":75174.75,"segmentation":[],"iscrowd":0},{"id":105,"image_id":62,"category_id":4,"bbox":[18,245,622,138.5],"area":86147,"segmentation":[],"iscrowd":0},{"id":106,"image_id":63,"category_id":4,"bbox":[93,355,339,234.5],"area":79495.5,"segmentation":[],"iscrowd":0},{"id":107,"image_id":63,"category_id":4,"bbox":[314,0,238.5,343],"area":81805.5,"segmentation":[],"iscrowd":0},{"id":108,"image_id":63,"category_id":4,"bbox":[297,153,220.813,346.616],"area":76537.327,"segmentation":[[308.773,152.917,296.781,175.042,366.718,300.31,500.777,499.533,517.594,462.722,405.956,316.281,345.095,199.584,308.773,152.917]],"iscrowd":0},{"id":109,"image_id":63,"category_id":4,"bbox":[126,67,357.129,450.009],"area":160711.41,"segmentation":[[126.146,67.409,148.826,152.838,307.664,365.241,472.907,517.419,483.275,475.74,338.15,341.73,206.489,80.099,126.146,67.409]],"iscrowd":0},{"id":110,"image_id":64,"category_id":4,"bbox":[0,176,638,295],"area":188210,"segmentation":[],"iscrowd":0},{"id":111,"image_id":65,"category_id":4,"bbox":[0,24,488.5,415],"area":202727.5,"segmentation":[],"iscrowd":0},{"id":112,"image_id":65,"category_id":4,"bbox":[210,185,421,398],"area":167558,"segmentation":[],"iscrowd":0},{"id":113,"image_id":66,"category_id":4,"bbox":[73,1,566,522.5],"area":295735,"segmentation":[],"iscrowd":0},{"id":114,"image_id":67,"category_id":4,"bbox":[2,126,607.5,369],"area":224167.5,"segmentation":[],"iscrowd":0},{"id":115,"image_id":68,"category_id":4,"bbox":[40,26,523,546.5],"area":285819.5,"segmentation":[],"iscrowd":0},{"id":116,"image_id":69,"category_id":4,"bbox":[0,181,640,267.5],"area":171200,"segmentation":[],"iscrowd":0},{"id":117,"image_id":70,"category_id":4,"bbox":[39,0,190,629.5],"area":119605,"segmentation":[],"iscrowd":0},{"id":118,"image_id":70,"category_id":4,"bbox":[173,61,365.163,578.572],"area":211273.34,"segmentation":[[305.243,640,305.243,544.476,422.814,275.129,538.426,130.128,388.71,61.428,173.263,637.62,238.719,640,305.243,640]],"iscrowd":0},{"id":119,"image_id":71,"category_id":4,"bbox":[210,1,210.5,639],"area":134509.5,"segmentation":[],"iscrowd":0},{"id":120,"image_id":71,"category_id":4,"bbox":[238,28,110,564.5],"area":62095,"segmentation":[],"iscrowd":0},{"id":121,"image_id":72,"category_id":4,"bbox":[0,185,640,371],"area":237440,"segmentation":[],"iscrowd":0},{"id":122,"image_id":72,"category_id":4,"bbox":[14,217,626,141.5],"area":88579,"segmentation":[],"iscrowd":0},{"id":123,"image_id":72,"category_id":4,"bbox":[103,341,461,206],"area":94966,"segmentation":[],"iscrowd":0},{"id":124,"image_id":72,"category_id":4,"bbox":[210,358,377,138],"area":52026,"segmentation":[],"iscrowd":0},{"id":125,"image_id":73,"category_id":4,"bbox":[113,181,392.5,455],"area":178587.5,"segmentation":[],"iscrowd":0},{"id":126,"image_id":74,"category_id":4,"bbox":[0,73,630.5,419],"area":264179.5,"segmentation":[],"iscrowd":0},{"id":127,"image_id":75,"category_id":4,"bbox":[254,7,356,553.5],"area":197046,"segmentation":[],"iscrowd":0},{"id":128,"image_id":75,"category_id":4,"bbox":[247,204,320.458,426.211],"area":136582.685,"segmentation":[[246.841,209.897,261.739,318.459,545.926,630.691,567.298,600,376.87,381.088,281.758,204.479,246.841,209.897]],"iscrowd":0},{"id":129,"image_id":75,"category_id":4,"bbox":[49,32,270.924,420.262],"area":113858.867,"segmentation":[[48.746,166.577,258.879,452.371,318.441,400.291,319.67,401.442,114.205,32.11,48.746,166.577]],"iscrowd":0},{"id":130,"image_id":76,"category_id":4,"bbox":[46,34,180.5,598],"area":107939,"segmentation":[],"iscrowd":0},{"id":131,"image_id":76,"category_id":4,"bbox":[331,29,280.5,484],"area":135762,"segmentation":[],"iscrowd":0},{"id":132,"image_id":77,"category_id":4,"bbox":[256,29,246.5,558],"area":137547,"segmentation":[],"iscrowd":0},{"id":133,"image_id":77,"category_id":4,"bbox":[408,12,229.5,491],"area":112684.5,"segmentation":[],"iscrowd":0},{"id":134,"image_id":77,"category_id":4,"bbox":[118,117,161,519.5],"area":83639.5,"segmentation":[],"iscrowd":0},{"id":135,"image_id":78,"category_id":4,"bbox":[0,303,558,120.5],"area":67239,"segmentation":[],"iscrowd":0},{"id":136,"image_id":78,"category_id":4,"bbox":[0,230,638,90],"area":57420,"segmentation":[],"iscrowd":0},{"id":137,"image_id":78,"category_id":4,"bbox":[0,143,577,94],"area":54238,"segmentation":[],"iscrowd":0},{"id":138,"image_id":78,"category_id":4,"bbox":[0,229,629,213.5],"area":134291.5,"segmentation":[],"iscrowd":0},{"id":139,"image_id":79,"category_id":4,"bbox":[289,0,208.5,639.5],"area":133335.75,"segmentation":[],"iscrowd":0},{"id":140,"image_id":80,"category_id":4,"bbox":[0,101,638,426],"area":271788,"segmentation":[],"iscrowd":0},{"id":141,"image_id":81,"category_id":1,"bbox":[2,33,638,606.5],"area":386947,"segmentation":[],"iscrowd":0},{"id":142,"image_id":82,"category_id":4,"bbox":[1,250,380,389],"area":147820,"segmentation":[],"iscrowd":0},{"id":143,"image_id":82,"category_id":4,"bbox":[33,192,464.5,336.5],"area":156304.25,"segmentation":[],"iscrowd":0},{"id":144,"image_id":83,"category_id":4,"bbox":[278,0,66.5,640],"area":42560,"segmentation":[],"iscrowd":0},{"id":145,"image_id":83,"category_id":4,"bbox":[350,71,142.5,566.5],"area":80726.25,"segmentation":[],"iscrowd":0},{"id":146,"image_id":83,"category_id":4,"bbox":[109,202,191,387],"area":73917,"segmentation":[],"iscrowd":0},{"id":147,"image_id":83,"category_id":4,"bbox":[161,3,144,475.5],"area":68472,"segmentation":[],"iscrowd":0},{"id":148,"image_id":84,"category_id":4,"bbox":[125,54,461,507],"area":233727,"segmentation":[],"iscrowd":0},{"id":149,"image_id":85,"category_id":4,"bbox":[7,124,614,312.5],"area":191875,"segmentation":[],"iscrowd":0},{"id":150,"image_id":86,"category_id":4,"bbox":[0,54,506.5,511.5],"area":259074.75,"segmentation":[],"iscrowd":0},{"id":151,"image_id":87,"category_id":4,"bbox":[227,83,302,542],"area":163684,"segmentation":[],"iscrowd":0},{"id":152,"image_id":87,"category_id":4,"bbox":[43,5,217,575.5],"area":124883.5,"segmentation":[],"iscrowd":0},{"id":153,"image_id":87,"category_id":4,"bbox":[395,195,243.5,445],"area":108357.5,"segmentation":[],"iscrowd":0},{"id":154,"image_id":88,"category_id":4,"bbox":[114,0,411,377],"area":154947,"segmentation":[],"iscrowd":0},{"id":155,"image_id":89,"category_id":4,"bbox":[76,359,564,136],"area":76704,"segmentation":[],"iscrowd":0},{"id":156,"image_id":89,"category_id":4,"bbox":[192,98,448,232],"area":103936,"segmentation":[],"iscrowd":0},{"id":157,"image_id":89,"category_id":4,"bbox":[38,194,601.5,207.5],"area":124811.25,"segmentation":[],"iscrowd":0},{"id":158,"image_id":90,"category_id":4,"bbox":[0,171,628,233.5],"area":146638,"segmentation":[],"iscrowd":0},{"id":159,"image_id":90,"category_id":4,"bbox":[87,364,553,200],"area":110600,"segmentation":[],"iscrowd":0},{"id":160,"image_id":91,"category_id":4,"bbox":[112,0,417,640],"area":266880,"segmentation":[],"iscrowd":0},{"id":161,"image_id":91,"category_id":4,"bbox":[220,67,163,571],"area":93073,"segmentation":[],"iscrowd":0},{"id":162,"image_id":92,"category_id":4,"bbox":[162,271,254,237.5],"area":60325,"segmentation":[],"iscrowd":0},{"id":163,"image_id":92,"category_id":4,"bbox":[191,147,395,157],"area":62015,"segmentation":[],"iscrowd":0},{"id":164,"image_id":93,"category_id":4,"bbox":[125,126,388,461.5],"area":179062,"segmentation":[],"iscrowd":0},{"id":165,"image_id":93,"category_id":4,"bbox":[141,67,393,465.5],"area":182941.5,"segmentation":[],"iscrowd":0},{"id":166,"image_id":94,"category_id":4,"bbox":[0,40,215,599],"area":128785,"segmentation":[],"iscrowd":0},{"id":167,"image_id":94,"category_id":4,"bbox":[433,0,184,596],"area":109664,"segmentation":[],"iscrowd":0},{"id":168,"image_id":94,"category_id":4,"bbox":[266,0,122,640],"area":78080,"segmentation":[],"iscrowd":0},{"id":169,"image_id":95,"category_id":4,"bbox":[162,33,372,604],"area":224688,"segmentation":[],"iscrowd":0},{"id":170,"image_id":95,"category_id":4,"bbox":[162,52,206.297,584.024],"area":120482.374,"segmentation":[[280.589,635.711,368.608,633.025,191.096,51.687,162.311,63.975,280.589,635.711]],"iscrowd":0},{"id":171,"image_id":95,"category_id":4,"bbox":[190,30,247.73,602.723],"area":149312.672,"segmentation":[[237.121,29.586,190.139,49.552,368.058,632.309,437.869,596.468,237.121,29.586]],"iscrowd":0},{"id":172,"image_id":95,"category_id":4,"bbox":[235,21,294.224,577.533],"area":169924.151,"segmentation":[[437.001,598.627,529.429,552.663,261.559,21.094,235.205,25.744,437.001,598.627]],"iscrowd":0},{"id":173,"image_id":96,"category_id":4,"bbox":[0,194,638,273],"area":174174,"segmentation":[],"iscrowd":0},{"id":174,"image_id":97,"category_id":4,"bbox":[26,39,614,546.5],"area":335551,"segmentation":[],"iscrowd":0},{"id":175,"image_id":98,"category_id":4,"bbox":[0,362,477,201.5],"area":96115.5,"segmentation":[],"iscrowd":0},{"id":176,"image_id":98,"category_id":4,"bbox":[38,103,558,174.5],"area":97371,"segmentation":[],"iscrowd":0},{"id":177,"image_id":99,"category_id":4,"bbox":[120,0,384,638],"area":244992,"segmentation":[],"iscrowd":0},{"id":178,"image_id":100,"category_id":4,"bbox":[178,0,275.5,640],"area":176320,"segmentation":[],"iscrowd":0},{"id":179,"image_id":101,"category_id":4,"bbox":[0,96,604.5,400],"area":241800,"segmentation":[],"iscrowd":0},{"id":180,"image_id":102,"category_id":4,"bbox":[147,45,329,565],"area":185885,"segmentation":[],"iscrowd":0},{"id":181,"image_id":103,"category_id":4,"bbox":[170,104,373.5,456],"area":170316,"segmentation":[],"iscrowd":0},{"id":182,"image_id":103,"category_id":4,"bbox":[275,111,65.5,393],"area":25741.5,"segmentation":[],"iscrowd":0},{"id":183,"image_id":104,"category_id":4,"bbox":[65,94,546,495],"area":270270,"segmentation":[],"iscrowd":0},{"id":184,"image_id":105,"category_id":4,"bbox":[78,0,133.5,188.5],"area":25164.75,"segmentation":[],"iscrowd":0},{"id":185,"image_id":105,"category_id":4,"bbox":[217,39,122.5,272.5],"area":33381.25,"segmentation":[],"iscrowd":0},{"id":186,"image_id":105,"category_id":4,"bbox":[265,206,164,257],"area":42148,"segmentation":[],"iscrowd":0},{"id":187,"image_id":105,"category_id":4,"bbox":[416,427,197,192],"area":37824,"segmentation":[],"iscrowd":0},{"id":188,"image_id":106,"category_id":1,"bbox":[208,0,134,373.5],"area":50049,"segmentation":[],"iscrowd":0},{"id":189,"image_id":106,"category_id":1,"bbox":[168,0,410.5,636.5],"area":261283.25,"segmentation":[],"iscrowd":0},{"id":190,"image_id":107,"category_id":1,"bbox":[171,1,234,620],"area":145080,"segmentation":[],"iscrowd":0},{"id":191,"image_id":108,"category_id":1,"bbox":[1,174,637.5,313.5],"area":199856.25,"segmentation":[],"iscrowd":0},{"id":192,"image_id":109,"category_id":1,"bbox":[161,1,338,626.5],"area":211757,"segmentation":[],"iscrowd":0},{"id":193,"image_id":109,"category_id":1,"bbox":[276,1,179,612],"area":109548,"segmentation":[],"iscrowd":0},{"id":194,"image_id":110,"category_id":4,"bbox":[46,40,351,481],"area":168831,"segmentation":[],"iscrowd":0},{"id":195,"image_id":110,"category_id":4,"bbox":[87,73,252,372.5],"area":93870,"segmentation":[],"iscrowd":0},{"id":196,"image_id":111,"category_id":4,"bbox":[173,32,327.5,414],"area":135585,"segmentation":[],"iscrowd":0},{"id":197,"image_id":112,"category_id":4,"bbox":[171,0,189,566],"area":106974,"segmentation":[],"iscrowd":0},{"id":198,"image_id":113,"category_id":4,"bbox":[0,0,412,638],"area":262856,"segmentation":[],"iscrowd":0},{"id":199,"image_id":113,"category_id":4,"bbox":[231,143,366,495.5],"area":181353,"segmentation":[],"iscrowd":0},{"id":200,"image_id":113,"category_id":4,"bbox":[446,47,192.5,591],"area":113767.5,"segmentation":[],"iscrowd":0},{"id":201,"image_id":114,"category_id":4,"bbox":[0,0,638,638],"area":407044,"segmentation":[],"iscrowd":0},{"id":202,"image_id":115,"category_id":4,"bbox":[1,210,394,164],"area":64616,"segmentation":[],"iscrowd":0},{"id":203,"image_id":115,"category_id":4,"bbox":[14,374,433,97],"area":42001,"segmentation":[],"iscrowd":0},{"id":204,"image_id":116,"category_id":4,"bbox":[379,75,252.5,403.5],"area":101883.75,"segmentation":[],"iscrowd":0},{"id":205,"image_id":116,"category_id":4,"bbox":[106,110,361,493.5],"area":178153.5,"segmentation":[],"iscrowd":0},{"id":206,"image_id":117,"category_id":4,"bbox":[40,143,267,496],"area":132432,"segmentation":[],"iscrowd":0},{"id":207,"image_id":117,"category_id":4,"bbox":[225,9,278,531.5],"area":147757,"segmentation":[],"iscrowd":0},{"id":208,"image_id":118,"category_id":4,"bbox":[117,1,298,639],"area":190422,"segmentation":[],"iscrowd":0},{"id":209,"image_id":119,"category_id":1,"bbox":[1,1,607,639],"area":387873,"segmentation":[],"iscrowd":0},{"id":210,"image_id":120,"category_id":4,"bbox":[72,0,472,638],"area":301136,"segmentation":[],"iscrowd":0},{"id":211,"image_id":121,"category_id":1,"bbox":[0,0,640,638],"area":408320,"segmentation":[],"iscrowd":0},{"id":212,"image_id":122,"category_id":4,"bbox":[0,78,640,411],"area":263040,"segmentation":[],"iscrowd":0},{"id":213,"image_id":123,"category_id":4,"bbox":[0,217,638,262],"area":167156,"segmentation":[],"iscrowd":0},{"id":214,"image_id":124,"category_id":4,"bbox":[455,83,176.5,496],"area":87544,"segmentation":[],"iscrowd":0},{"id":215,"image_id":124,"category_id":4,"bbox":[54,99,147,406],"area":59682,"segmentation":[],"iscrowd":0},{"id":216,"image_id":124,"category_id":4,"bbox":[205,109,251.5,468.5],"area":117827.75,"segmentation":[],"iscrowd":0},{"id":217,"image_id":125,"category_id":4,"bbox":[74,39,445.5,456.5],"area":203370.75,"segmentation":[],"iscrowd":0},{"id":218,"image_id":125,"category_id":4,"bbox":[88,88,356.5,405.5],"area":144560.75,"segmentation":[],"iscrowd":0},{"id":219,"image_id":126,"category_id":4,"bbox":[96,53,484,141],"area":68244,"segmentation":[],"iscrowd":0},{"id":220,"image_id":126,"category_id":4,"bbox":[100,221,479.5,125],"area":59937.5,"segmentation":[],"iscrowd":0},{"id":221,"image_id":126,"category_id":5,"bbox":[142,393,143,205],"area":29315,"segmentation":[],"iscrowd":0},{"id":222,"image_id":126,"category_id":3,"bbox":[347,352,181,246.5],"area":44616.5,"segmentation":[],"iscrowd":0},{"id":223,"image_id":127,"category_id":4,"bbox":[0,0,354,520],"area":184080,"segmentation":[],"iscrowd":0},{"id":224,"image_id":127,"category_id":4,"bbox":[135,0,504.5,569],"area":287060.5,"segmentation":[],"iscrowd":0},{"id":225,"image_id":128,"category_id":4,"bbox":[2,0,230.5,280.5],"area":64655.25,"segmentation":[],"iscrowd":0},{"id":226,"image_id":128,"category_id":5,"bbox":[347,49,265.5,240],"area":63720,"segmentation":[],"iscrowd":0},{"id":227,"image_id":128,"category_id":5,"bbox":[398,301,207.5,230.5],"area":47828.75,"segmentation":[],"iscrowd":0},{"id":228,"image_id":128,"category_id":5,"bbox":[199,450,342,190],"area":64980,"segmentation":[],"iscrowd":0},{"id":229,"image_id":128,"category_id":3,"bbox":[108,281,137.5,107.5],"area":14781.25,"segmentation":[],"iscrowd":0},{"id":230,"image_id":128,"category_id":3,"bbox":[246,231,137.5,181.5],"area":24956.25,"segmentation":[],"iscrowd":0},{"id":231,"image_id":128,"category_id":3,"bbox":[189,383,129,105.5],"area":13609.5,"segmentation":[],"iscrowd":0},{"id":232,"image_id":128,"category_id":2,"bbox":[219,0,73.5,131],"area":9628.5,"segmentation":[],"iscrowd":0},{"id":233,"image_id":128,"category_id":2,"bbox":[220,0,153,181],"area":27693,"segmentation":[],"iscrowd":0},{"id":234,"image_id":128,"category_id":2,"bbox":[217,0,233.5,249.5],"area":58258.25,"segmentation":[],"iscrowd":0},{"id":235,"image_id":129,"category_id":4,"bbox":[1,137,227,503],"area":114181,"segmentation":[],"iscrowd":0},{"id":236,"image_id":129,"category_id":4,"bbox":[295,20,345,443.5],"area":153007.5,"segmentation":[],"iscrowd":0},{"id":237,"image_id":129,"category_id":4,"bbox":[149,135,400.5,484],"area":193842,"segmentation":[],"iscrowd":0},{"id":238,"image_id":130,"category_id":4,"bbox":[36,61,497.5,524.5],"area":260938.75,"segmentation":[],"iscrowd":0},{"id":239,"image_id":131,"category_id":4,"bbox":[0,131,636,429],"area":272844,"segmentation":[],"iscrowd":0},{"id":240,"image_id":132,"category_id":4,"bbox":[0,187,638,280],"area":178640,"segmentation":[],"iscrowd":0},{"id":241,"image_id":133,"category_id":4,"bbox":[206,0,191,640],"area":122240,"segmentation":[],"iscrowd":0},{"id":242,"image_id":134,"category_id":4,"bbox":[0,28,457,386.5],"area":176630.5,"segmentation":[],"iscrowd":0},{"id":243,"image_id":134,"category_id":4,"bbox":[183,278,452.5,255.5],"area":115613.75,"segmentation":[],"iscrowd":0},{"id":244,"image_id":135,"category_id":1,"bbox":[22,49,618,589.5],"area":364311,"segmentation":[],"iscrowd":0},{"id":245,"image_id":136,"category_id":4,"bbox":[128,25,343,614],"area":210602,"segmentation":[],"iscrowd":0},{"id":246,"image_id":137,"category_id":4,"bbox":[0,18,579.5,620],"area":359290,"segmentation":[],"iscrowd":0},{"id":247,"image_id":138,"category_id":4,"bbox":[0,190,638,237],"area":151206,"segmentation":[],"iscrowd":0},{"id":248,"image_id":139,"category_id":4,"bbox":[63,0,574,637],"area":365638,"segmentation":[],"iscrowd":0},{"id":249,"image_id":139,"category_id":4,"bbox":[0,160,449,477],"area":214173,"segmentation":[],"iscrowd":0},{"id":250,"image_id":140,"category_id":4,"bbox":[0,18,629,540.5],"area":339974.5,"segmentation":[],"iscrowd":0},{"id":251,"image_id":141,"category_id":4,"bbox":[232,47,266,593],"area":157738,"segmentation":[],"iscrowd":0},{"id":252,"image_id":142,"category_id":4,"bbox":[0,77,601.5,146],"area":87819,"segmentation":[],"iscrowd":0},{"id":253,"image_id":142,"category_id":4,"bbox":[0,405,614.5,183.5],"area":112760.75,"segmentation":[],"iscrowd":0},{"id":254,"image_id":142,"category_id":4,"bbox":[0,226,605,165],"area":99825,"segmentation":[],"iscrowd":0},{"id":255,"image_id":143,"category_id":4,"bbox":[2,94,633,462],"area":292446,"segmentation":[],"iscrowd":0},{"id":256,"image_id":143,"category_id":4,"bbox":[160,109,365.5,426.5],"area":155885.75,"segmentation":[],"iscrowd":0},{"id":257,"image_id":144,"category_id":4,"bbox":[81,33,424,477],"area":202248,"segmentation":[],"iscrowd":0},{"id":258,"image_id":145,"category_id":4,"bbox":[0,134,251,504.5],"area":126629.5,"segmentation":[],"iscrowd":0},{"id":259,"image_id":145,"category_id":4,"bbox":[313,126,327,513.5],"area":167914.5,"segmentation":[],"iscrowd":0},{"id":260,"image_id":146,"category_id":4,"bbox":[47,0,449,598],"area":268502,"segmentation":[],"iscrowd":0},{"id":261,"image_id":147,"category_id":4,"bbox":[56,0,542,444],"area":240648,"segmentation":[],"iscrowd":0},{"id":262,"image_id":148,"category_id":4,"bbox":[142,111,497.5,478],"area":237805,"segmentation":[],"iscrowd":0},{"id":263,"image_id":149,"category_id":4,"bbox":[0,314,626.5,254],"area":159131,"segmentation":[],"iscrowd":0},{"id":264,"image_id":149,"category_id":4,"bbox":[241,90,219,225],"area":49275,"segmentation":[],"iscrowd":0},{"id":265,"image_id":149,"category_id":4,"bbox":[131,170,199.5,130.5],"area":26034.75,"segmentation":[],"iscrowd":0},{"id":266,"image_id":149,"category_id":4,"bbox":[326,165,104,117.5],"area":12220,"segmentation":[],"iscrowd":0},{"id":267,"image_id":149,"category_id":4,"bbox":[46,352,594,158.5],"area":94149,"segmentation":[],"iscrowd":0},{"id":268,"image_id":150,"category_id":4,"bbox":[78,22,184,534],"area":98256,"segmentation":[],"iscrowd":0},{"id":269,"image_id":150,"category_id":4,"bbox":[435,94,139.5,506.5],"area":70656.75,"segmentation":[],"iscrowd":0},{"id":270,"image_id":150,"category_id":4,"bbox":[266,2,147.5,632.5],"area":93293.75,"segmentation":[],"iscrowd":0},{"id":271,"image_id":151,"category_id":4,"bbox":[115,89,524.672,257.544],"area":135126.44,"segmentation":[[640,314.709,195.814,89.201,115.328,173.817,640,346.746,640,314.709]],"iscrowd":0},{"id":272,"image_id":151,"category_id":4,"bbox":[14,182,540.147,366.425],"area":197923.202,"segmentation":[[461.53,548.844,554.281,480.473,81.131,182.42,14.134,277.797,461.53,548.844]],"iscrowd":0},{"id":273,"image_id":151,"category_id":4,"bbox":[56,119,575.531,353.476],"area":203436.6,"segmentation":[[55.96,186.871,556.781,472.004,631.491,408.141,630.067,406.356,151.294,118.528,55.96,186.871]],"iscrowd":0},{"id":274,"image_id":152,"category_id":4,"bbox":[0,0,351,639],"area":224289,"segmentation":[],"iscrowd":0},{"id":275,"image_id":152,"category_id":4,"bbox":[361,29,277.5,606],"area":168165,"segmentation":[],"iscrowd":0},{"id":276,"image_id":153,"category_id":4,"bbox":[0,54,555.5,450],"area":249975,"segmentation":[],"iscrowd":0},{"id":277,"image_id":154,"category_id":4,"bbox":[0,139,638,364],"area":232232,"segmentation":[],"iscrowd":0},{"id":278,"image_id":155,"category_id":4,"bbox":[52,160,358,281],"area":100598,"segmentation":[],"iscrowd":0},{"id":279,"image_id":155,"category_id":4,"bbox":[91,176,548.026,464.265],"area":254429.276,"segmentation":[[185.003,640,638.304,345.562,639.453,345.128,632.743,175.735,91.427,530.936,105.219,640,185.003,640]],"iscrowd":0},{"id":280,"image_id":156,"category_id":4,"bbox":[226,0,195.5,640],"area":125120,"segmentation":[],"iscrowd":0},{"id":281,"image_id":157,"category_id":4,"bbox":[1,171,633,299],"area":189267,"segmentation":[],"iscrowd":0},{"id":282,"image_id":158,"category_id":4,"bbox":[0,133,578.5,135],"area":78097.5,"segmentation":[],"iscrowd":0},{"id":283,"image_id":158,"category_id":4,"bbox":[4,337,602.5,90],"area":54225,"segmentation":[],"iscrowd":0},{"id":284,"image_id":158,"category_id":4,"bbox":[0,257,607.5,102.5],"area":62268.75,"segmentation":[],"iscrowd":0},{"id":285,"image_id":159,"category_id":4,"bbox":[0,273,631,243],"area":153333,"segmentation":[],"iscrowd":0},{"id":286,"image_id":160,"category_id":4,"bbox":[22,130,583,321.5],"area":187434.5,"segmentation":[],"iscrowd":0},{"id":287,"image_id":161,"category_id":4,"bbox":[0,93,615.5,129],"area":79399.5,"segmentation":[],"iscrowd":0},{"id":288,"image_id":161,"category_id":4,"bbox":[2,279,638,181.5],"area":115797,"segmentation":[],"iscrowd":0},{"id":289,"image_id":162,"category_id":4,"bbox":[120,1,100,565.5],"area":56550,"segmentation":[],"iscrowd":0},{"id":290,"image_id":162,"category_id":4,"bbox":[217,0,163.5,626],"area":102351,"segmentation":[],"iscrowd":0},{"id":291,"image_id":162,"category_id":4,"bbox":[398,0,75,512],"area":38400,"segmentation":[],"iscrowd":0},{"id":292,"image_id":163,"category_id":1,"bbox":[1,1,635,636.5],"area":404177.5,"segmentation":[],"iscrowd":0},{"id":293,"image_id":163,"category_id":1,"bbox":[2,358,634,282],"area":178788,"segmentation":[],"iscrowd":0},{"id":294,"image_id":163,"category_id":1,"bbox":[1,3,639,339],"area":216621,"segmentation":[],"iscrowd":0},{"id":295,"image_id":164,"category_id":4,"bbox":[28,72,612.063,399.538],"area":244542.211,"segmentation":[[640,344.95,153.738,71.755,27.937,216.083,574.031,471.293,640,394.083,640,344.95]],"iscrowd":0},{"id":296,"image_id":165,"category_id":4,"bbox":[0,171,638,319],"area":203522,"segmentation":[],"iscrowd":0},{"id":297,"image_id":166,"category_id":4,"bbox":[0,193,638,254],"area":162052,"segmentation":[],"iscrowd":0},{"id":298,"image_id":167,"category_id":4,"bbox":[269,0,91,640],"area":58240,"segmentation":[],"iscrowd":0},{"id":299,"image_id":167,"category_id":4,"bbox":[479,0,99.5,612],"area":60894,"segmentation":[],"iscrowd":0},{"id":300,"image_id":168,"category_id":4,"bbox":[5,163,632.5,386],"area":244145,"segmentation":[],"iscrowd":0},{"id":301,"image_id":168,"category_id":4,"bbox":[25,340,593.5,84],"area":49854,"segmentation":[],"iscrowd":0},{"id":302,"image_id":169,"category_id":1,"bbox":[45,65,566,502.5],"area":284415,"segmentation":[],"iscrowd":0},{"id":303,"image_id":170,"category_id":4,"bbox":[0,97,531.5,466.5],"area":247944.75,"segmentation":[],"iscrowd":0},{"id":304,"image_id":171,"category_id":4,"bbox":[126,32,409,586.5],"area":239878.5,"segmentation":[],"iscrowd":0},{"id":305,"image_id":172,"category_id":4,"bbox":[22,0,312,372],"area":116064,"segmentation":[],"iscrowd":0},{"id":306,"image_id":172,"category_id":4,"bbox":[111,40,316,428.5],"area":135406,"segmentation":[],"iscrowd":0},{"id":307,"image_id":172,"category_id":4,"bbox":[228,323,324,317],"area":102708,"segmentation":[],"iscrowd":0},{"id":308,"image_id":173,"category_id":4,"bbox":[54,64,264,409],"area":107976,"segmentation":[],"iscrowd":0},{"id":309,"image_id":173,"category_id":4,"bbox":[303,118,327.5,394],"area":129035,"segmentation":[],"iscrowd":0},{"id":310,"image_id":174,"category_id":4,"bbox":[0,118,640,382],"area":244480,"segmentation":[],"iscrowd":0},{"id":311,"image_id":175,"category_id":1,"bbox":[2,41,638,554],"area":353452,"segmentation":[],"iscrowd":0},{"id":312,"image_id":176,"category_id":4,"bbox":[51,89,332.5,465],"area":154612.5,"segmentation":[],"iscrowd":0},{"id":313,"image_id":176,"category_id":4,"bbox":[110,139,525.5,468],"area":245934,"segmentation":[],"iscrowd":0},{"id":314,"image_id":176,"category_id":4,"bbox":[77,136,554.057,474.468],"area":262882.33,"segmentation":[[144.894,610.004,141.263,608.284,631.334,271.477,593.93,135.535,77.277,594.947,144.894,610.004]],"iscrowd":0},{"id":315,"image_id":177,"category_id":4,"bbox":[114,3,441.5,607],"area":267990.5,"segmentation":[],"iscrowd":0},{"id":316,"image_id":177,"category_id":4,"bbox":[238,21,227,343],"area":77861,"segmentation":[],"iscrowd":0},{"id":317,"image_id":178,"category_id":4,"bbox":[10,42,629.762,591.762],"area":372669.27,"segmentation":[[640,310.588,629.273,288.905,448.267,363.42,263.8,289.303,137.833,42.229,56.385,58.931,59.019,108.048,10.238,118.033,20.936,173.192,303.796,561.668,461.049,633.991,555.88,547.874,612.576,350.157,640,313.077,640,310.588]],"iscrowd":0},{"id":318,"image_id":179,"category_id":1,"bbox":[6,9,623.5,619.5],"area":386258.25,"segmentation":[],"iscrowd":0},{"id":319,"image_id":179,"category_id":1,"bbox":[15,22,124.5,605.5],"area":75384.75,"segmentation":[],"iscrowd":0},{"id":320,"image_id":179,"category_id":1,"bbox":[217,7,98,617],"area":60466,"segmentation":[],"iscrowd":0},{"id":321,"image_id":179,"category_id":1,"bbox":[385,6,117,611],"area":71487,"segmentation":[],"iscrowd":0},{"id":322,"image_id":180,"category_id":4,"bbox":[1,234,344.5,199],"area":68555.5,"segmentation":[],"iscrowd":0},{"id":323,"image_id":180,"category_id":4,"bbox":[49,41,450,119],"area":53550,"segmentation":[],"iscrowd":0},{"id":324,"image_id":180,"category_id":4,"bbox":[7,156,413,176],"area":72688,"segmentation":[],"iscrowd":0},{"id":325,"image_id":180,"category_id":4,"bbox":[150,430,252.5,129.5],"area":32698.75,"segmentation":[],"iscrowd":0},{"id":326,"image_id":181,"category_id":4,"bbox":[0,78,640,391],"area":250240,"segmentation":[],"iscrowd":0},{"id":327,"image_id":182,"category_id":4,"bbox":[0,158,640,260],"area":166400,"segmentation":[],"iscrowd":0},{"id":328,"image_id":183,"category_id":4,"bbox":[131,240,243.5,244],"area":59414,"segmentation":[],"iscrowd":0},{"id":329,"image_id":183,"category_id":4,"bbox":[220,147,251,353],"area":88603,"segmentation":[],"iscrowd":0},{"id":330,"image_id":183,"category_id":4,"bbox":[336,1,303.5,228.5],"area":69349.75,"segmentation":[],"iscrowd":0},{"id":331,"image_id":184,"category_id":4,"bbox":[0,21,627,513.5],"area":321964.5,"segmentation":[],"iscrowd":0},{"id":332,"image_id":185,"category_id":4,"bbox":[0,224,168,415.5],"area":69804,"segmentation":[],"iscrowd":0},{"id":333,"image_id":185,"category_id":4,"bbox":[291,0,349,415],"area":144835,"segmentation":[],"iscrowd":0},{"id":334,"image_id":185,"category_id":4,"bbox":[125,85,333.5,523],"area":174420.5,"segmentation":[],"iscrowd":0},{"id":335,"image_id":186,"category_id":1,"bbox":[2,1,554,635],"area":351790,"segmentation":[],"iscrowd":0},{"id":336,"image_id":186,"category_id":1,"bbox":[215,2,226.5,617],"area":139750.5,"segmentation":[],"iscrowd":0},{"id":337,"image_id":186,"category_id":1,"bbox":[59,2,180.5,585],"area":105592.5,"segmentation":[],"iscrowd":0},{"id":338,"image_id":187,"category_id":4,"bbox":[193,0,227,638],"area":144826,"segmentation":[],"iscrowd":0},{"id":339,"image_id":188,"category_id":4,"bbox":[145,0,277,637],"area":176449,"segmentation":[],"iscrowd":0},{"id":340,"image_id":189,"category_id":4,"bbox":[143,0,367,555],"area":203685,"segmentation":[],"iscrowd":0},{"id":341,"image_id":190,"category_id":4,"bbox":[84,51,490,510.5],"area":250145,"segmentation":[],"iscrowd":0},{"id":342,"image_id":191,"category_id":4,"bbox":[75,0,404.5,615.5],"area":248969.75,"segmentation":[],"iscrowd":0},{"id":343,"image_id":192,"category_id":4,"bbox":[0,0,629.5,629.5],"area":396270.25,"segmentation":[],"iscrowd":0},{"id":344,"image_id":193,"category_id":4,"bbox":[155,0,318,638],"area":202884,"segmentation":[],"iscrowd":0},{"id":345,"image_id":194,"category_id":4,"bbox":[43,174,379.5,436],"area":165462,"segmentation":[],"iscrowd":0},{"id":346,"image_id":194,"category_id":4,"bbox":[162,3,369.5,524],"area":193618,"segmentation":[],"iscrowd":0},{"id":347,"image_id":195,"category_id":4,"bbox":[0,186,637,325.5],"area":207343.5,"segmentation":[],"iscrowd":0},{"id":348,"image_id":195,"category_id":4,"bbox":[78,245,562,188.5],"area":105937,"segmentation":[],"iscrowd":0},{"id":349,"image_id":196,"category_id":4,"bbox":[0,241,484,316],"area":152944,"segmentation":[],"iscrowd":0},{"id":350,"image_id":197,"category_id":1,"bbox":[1,129,636,405],"area":257580,"segmentation":[],"iscrowd":0},{"id":351,"image_id":198,"category_id":4,"bbox":[0,112,621,262],"area":162702,"segmentation":[],"iscrowd":0},{"id":352,"image_id":199,"category_id":4,"bbox":[88,0,412.5,637],"area":262762.5,"segmentation":[],"iscrowd":0},{"id":353,"image_id":200,"category_id":1,"bbox":[60,88,524,436.5],"area":228726,"segmentation":[],"iscrowd":0},{"id":354,"image_id":201,"category_id":4,"bbox":[0,336,640,202.5],"area":129600,"segmentation":[],"iscrowd":0},{"id":355,"image_id":201,"category_id":4,"bbox":[0,198,581.5,119],"area":69198.5,"segmentation":[],"iscrowd":0},{"id":356,"image_id":202,"category_id":4,"bbox":[116,0,435.594,522.818],"area":227736.184,"segmentation":[[255.556,312.958,116.067,433.991,150.25,523.234,150.43,517.941,551.661,55.136,485.694,0.416,420.249,0.416,255.556,312.958]],"iscrowd":0},{"id":357,"image_id":202,"category_id":4,"bbox":[129,62,458.468,465.925],"area":213612.034,"segmentation":[[580.561,155.178,587.151,79.872,545.086,61.538,128.683,479.073,159.667,527.464,580.561,155.178]],"iscrowd":0},{"id":358,"image_id":202,"category_id":4,"bbox":[157,186,469.467,428.245],"area":201046.796,"segmentation":[[252.349,614.266,256.3,610.152,626.763,233.668,549.17,186.021,157.297,576.23,252.349,614.266]],"iscrowd":0},{"id":359,"image_id":203,"category_id":4,"bbox":[153,1,336.5,601],"area":202236.5,"segmentation":[],"iscrowd":0},{"id":360,"image_id":204,"category_id":1,"bbox":[12,136,625.5,394],"area":246447,"segmentation":[],"iscrowd":0},{"id":361,"image_id":204,"category_id":1,"bbox":[56,286,583.5,116],"area":67686,"segmentation":[],"iscrowd":0},{"id":362,"image_id":204,"category_id":1,"bbox":[64,184,576,106],"area":61056,"segmentation":[],"iscrowd":0},{"id":363,"image_id":205,"category_id":4,"bbox":[0,31,483,609],"area":294147,"segmentation":[],"iscrowd":0},{"id":364,"image_id":206,"category_id":4,"bbox":[216,0,286,640],"area":183040,"segmentation":[],"iscrowd":0},{"id":365,"image_id":207,"category_id":4,"bbox":[289,137,279,406],"area":113274,"segmentation":[],"iscrowd":0},{"id":366,"image_id":207,"category_id":4,"bbox":[93,155,391.5,377],"area":147595.5,"segmentation":[],"iscrowd":0},{"id":367,"image_id":208,"category_id":1,"bbox":[25,24,615,519],"area":319185,"segmentation":[],"iscrowd":0},{"id":368,"image_id":208,"category_id":1,"bbox":[25,27,615,337],"area":207255,"segmentation":[],"iscrowd":0},{"id":369,"image_id":208,"category_id":1,"bbox":[143,313,445.5,233.5],"area":104024.25,"segmentation":[],"iscrowd":0},{"id":370,"image_id":209,"category_id":4,"bbox":[0,180,614.5,181],"area":111224.5,"segmentation":[],"iscrowd":0},{"id":371,"image_id":210,"category_id":4,"bbox":[50,66,535,489],"area":261615,"segmentation":[],"iscrowd":0},{"id":372,"image_id":210,"category_id":4,"bbox":[156,395,92.5,104.5],"area":9666.25,"segmentation":[],"iscrowd":0},{"id":373,"image_id":210,"category_id":4,"bbox":[159,342,67,89.5],"area":5996.5,"segmentation":[],"iscrowd":0},{"id":374,"image_id":210,"category_id":4,"bbox":[245,381,110,109.5],"area":12045,"segmentation":[],"iscrowd":0},{"id":375,"image_id":210,"category_id":4,"bbox":[229,477,114.5,70.5],"area":8072.25,"segmentation":[],"iscrowd":0},{"id":376,"image_id":210,"category_id":4,"bbox":[139,373,223,179],"area":39917,"segmentation":[],"iscrowd":0},{"id":377,"image_id":211,"category_id":4,"bbox":[96,191,221.5,449],"area":99453.5,"segmentation":[],"iscrowd":0},{"id":378,"image_id":211,"category_id":4,"bbox":[291,265,190,305],"area":57950,"segmentation":[],"iscrowd":0},{"id":379,"image_id":212,"category_id":4,"bbox":[0,108,617,121.5],"area":74965.5,"segmentation":[],"iscrowd":0},{"id":380,"image_id":212,"category_id":4,"bbox":[8,325,631.5,140.5],"area":88725.75,"segmentation":[],"iscrowd":0},{"id":381,"image_id":213,"category_id":4,"bbox":[1,39,549,160],"area":87840,"segmentation":[],"iscrowd":0},{"id":382,"image_id":213,"category_id":4,"bbox":[0,194,600.5,148.5],"area":89174.25,"segmentation":[],"iscrowd":0},{"id":383,"image_id":213,"category_id":4,"bbox":[5,204,602.5,416],"area":250640,"segmentation":[],"iscrowd":0},{"id":384,"image_id":214,"category_id":4,"bbox":[139,0,315,631],"area":198765,"segmentation":[],"iscrowd":0},{"id":385,"image_id":215,"category_id":4,"bbox":[247,0,303,317],"area":96051,"segmentation":[],"iscrowd":0},{"id":386,"image_id":215,"category_id":4,"bbox":[118,199,266,421],"area":111986,"segmentation":[],"iscrowd":0},{"id":387,"image_id":215,"category_id":4,"bbox":[39,369,300.5,267],"area":80233.5,"segmentation":[],"iscrowd":0},{"id":388,"image_id":216,"category_id":4,"bbox":[93,287,506.5,226],"area":114469,"segmentation":[],"iscrowd":0},{"id":389,"image_id":216,"category_id":4,"bbox":[0,305,453.5,335],"area":151922.5,"segmentation":[],"iscrowd":0},{"id":390,"image_id":217,"category_id":1,"bbox":[4,1,563,549.5],"area":309368.5,"segmentation":[],"iscrowd":0},{"id":391,"image_id":218,"category_id":4,"bbox":[51,61,582,350],"area":203700,"segmentation":[],"iscrowd":0},{"id":392,"image_id":218,"category_id":4,"bbox":[194,283,446,276],"area":123096,"segmentation":[],"iscrowd":0},{"id":393,"image_id":219,"category_id":4,"bbox":[16,295,605.5,188],"area":113834,"segmentation":[],"iscrowd":0},{"id":394,"image_id":220,"category_id":4,"bbox":[0,11,370,387],"area":143190,"segmentation":[],"iscrowd":0},{"id":395,"image_id":220,"category_id":4,"bbox":[0,200,640,297.5],"area":190400,"segmentation":[],"iscrowd":0},{"id":396,"image_id":221,"category_id":1,"bbox":[190,43,244,537.5],"area":131150,"segmentation":[],"iscrowd":0},{"id":397,"image_id":221,"category_id":1,"bbox":[462,104,177.5,468],"area":83070,"segmentation":[],"iscrowd":0},{"id":398,"image_id":222,"category_id":4,"bbox":[104,127,459,418.5],"area":192091.5,"segmentation":[],"iscrowd":0},{"id":399,"image_id":223,"category_id":1,"bbox":[1,27,638.5,612.5],"area":391081.25,"segmentation":[],"iscrowd":0},{"id":400,"image_id":223,"category_id":1,"bbox":[178,50,461.5,590],"area":272285,"segmentation":[],"iscrowd":0},{"id":401,"image_id":224,"category_id":1,"bbox":[1,56,632,450],"area":284400,"segmentation":[],"iscrowd":0},{"id":402,"image_id":225,"category_id":4,"bbox":[0,80,640,440],"area":281600,"segmentation":[],"iscrowd":0},{"id":403,"image_id":226,"category_id":4,"bbox":[71,149,346,401.5],"area":138919,"segmentation":[],"iscrowd":0},{"id":404,"image_id":227,"category_id":4,"bbox":[10,185,626.5,312],"area":195468,"segmentation":[],"iscrowd":0},{"id":405,"image_id":228,"category_id":4,"bbox":[115,236,504,202.5],"area":102060,"segmentation":[],"iscrowd":0},{"id":406,"image_id":229,"category_id":1,"bbox":[43,1,574,564],"area":323736,"segmentation":[],"iscrowd":0},{"id":407,"image_id":229,"category_id":1,"bbox":[336,1,272,515],"area":140080,"segmentation":[],"iscrowd":0},{"id":408,"image_id":229,"category_id":1,"bbox":[50,1,317,557],"area":176569,"segmentation":[],"iscrowd":0}]}