{"info":{"year":"2025","version":"1","description":"Exported from roboflow.com","contributor":"","url":"https://public.roboflow.com/object-detection/undefined","date_created":"2025-06-11T17:25:54+00:00"},"licenses":[{"id":1,"url":"https://creativecommons.org/licenses/by/4.0/","name":"CC BY 4.0"}],"categories":[{"id":0,"name":"beetroot","supercategory":"none"},{"id":1,"name":"beetroot","supercategory":"beetroot"}],"images":[{"id":0,"license":1,"file_name":"Image_33_jpg.rf.11f0b8c07f54c7494124f23cf739f09c.jpg","height":640,"width":640,"date_captured":"2025-06-11T17:25:54+00:00","extra":{"name":"Image_33.jpg"}},{"id":1,"license":1,"file_name":"Image_11_jpg.rf.a141a44f61ee0af2e0cd154f19eb79a7.jpg","height":640,"width":640,"date_captured":"2025-06-11T17:25:54+00:00","extra":{"name":"Image_11.jpg"}},{"id":2,"license":1,"file_name":"Image_12_jpg.rf.a1a1b89d5c1398b5e0b1032551802722.jpg","height":640,"width":640,"date_captured":"2025-06-11T17:25:54+00:00","extra":{"name":"Image_12.jpg"}},{"id":3,"license":1,"file_name":"Image_2_jpg.rf.14f1fa9d9a76531e1385b9dfe5f8b777.jpg","height":640,"width":640,"date_captured":"2025-06-11T17:25:54+00:00","extra":{"name":"Image_2.jpg"}},{"id":4,"license":1,"file_name":"Image_23_jpg.rf.64456b603737647c52305b86b0128617.jpg","height":640,"width":640,"date_captured":"2025-06-11T17:25:54+00:00","extra":{"name":"Image_23.jpg"}},{"id":5,"license":1,"file_name":"Image_36_jpg.rf.0c1841f5eecb20c641b65a19388e586f.jpg","height":640,"width":640,"date_captured":"2025-06-11T17:25:54+00:00","extra":{"name":"Image_36.jpg"}},{"id":6,"license":1,"file_name":"Image_27_jpg.rf.512a21c09cdb006914dbc5759240bbb0.jpg","height":640,"width":640,"date_captured":"2025-06-11T17:25:54+00:00","extra":{"name":"Image_27.jpg"}},{"id":7,"license":1,"file_name":"Image_7_jpg.rf.82b5be29fa11fa20110a1e347ca44d20.jpg","height":640,"width":640,"date_captured":"2025-06-11T17:25:54+00:00","extra":{"name":"Image_7.jpg"}},{"id":8,"license":1,"file_name":"Image_14_jpg.rf.b78b2ef4b9a29459d7e0b690c9ce78b1.jpg","height":640,"width":640,"date_captured":"2025-06-11T17:25:54+00:00","extra":{"name":"Image_14.jpg"}},{"id":9,"license":1,"file_name":"Image_1_jpg.rf.9fd9dd63267d7e141c6ede7ef8ea58ca.jpg","height":640,"width":640,"date_captured":"2025-06-11T17:25:54+00:00","extra":{"name":"Image_1.jpg"}},{"id":10,"license":1,"file_name":"Image_51_jpg.rf.657f7ee2f66b9f44b97626ce3f719795.jpg","height":640,"width":640,"date_captured":"2025-06-11T17:25:54+00:00","extra":{"name":"Image_51.jpg"}},{"id":11,"license":1,"file_name":"Image_30_jpg.rf.a246979200dfb9644318bc0f31df2c0d.jpg","height":640,"width":640,"date_captured":"2025-06-11T17:25:54+00:00","extra":{"name":"Image_30.jpg"}},{"id":12,"license":1,"file_name":"Image_6_jpg.rf.53d5a10d1d1fdd55b766b2a0ac960100.jpg","height":640,"width":640,"date_captured":"2025-06-11T17:25:54+00:00","extra":{"name":"Image_6.jpg"}},{"id":13,"license":1,"file_name":"Image_29_jpg.rf.7c84f7af91c9a0ad1a15b80cf6d6d126.jpg","height":640,"width":640,"date_captured":"2025-06-11T17:25:54+00:00","extra":{"name":"Image_29.jpg"}},{"id":14,"license":1,"file_name":"Image_53_jpg.rf.8bd8149aad4422f8a1364e0bca024309.jpg","height":640,"width":640,"date_captured":"2025-06-11T17:25:54+00:00","extra":{"name":"Image_53.jpg"}},{"id":15,"license":1,"file_name":"Image_20_jpg.rf.8c03ab389df42bb14e6d40e701362766.jpg","height":640,"width":640,"date_captured":"2025-06-11T17:25:54+00:00","extra":{"name":"Image_20.jpg"}},{"id":16,"license":1,"file_name":"Image_47_jpg.rf.b968dcd732e3cd12c7788094428c4d77.jpg","height":640,"width":640,"date_captured":"2025-06-11T17:25:54+00:00","extra":{"name":"Image_47.jpg"}},{"id":17,"license":1,"file_name":"Image_44_jpg.rf.965a00829485dd9fe52b913da16e4d77.jpg","height":640,"width":640,"date_captured":"2025-06-11T17:25:54+00:00","extra":{"name":"Image_44.jpg"}},{"id":18,"license":1,"file_name":"Image_46_jpg.rf.f65e3857ed7abc81d11cdc555fd48168.jpg","height":640,"width":640,"date_captured":"2025-06-11T17:25:54+00:00","extra":{"name":"Image_46.jpg"}},{"id":19,"license":1,"file_name":"Image_48_jpg.rf.1139bd9dd7f77e2b3e6fc34e810f50be.jpg","height":640,"width":640,"date_captured":"2025-06-11T17:25:54+00:00","extra":{"name":"Image_48.jpg"}},{"id":20,"license":1,"file_name":"Image_41_jpg.rf.34bd8af948776f9983ddd9fefec25dc0.jpg","height":640,"width":640,"date_captured":"2025-06-11T17:25:54+00:00","extra":{"name":"Image_41.jpg"}},{"id":21,"license":1,"file_name":"Image_45_jpg.rf.a2284a9235955a161a5967ca773b3b4f.jpg","height":640,"width":640,"date_captured":"2025-06-11T17:25:54+00:00","extra":{"name":"Image_45.jpg"}},{"id":22,"license":1,"file_name":"Image_54_png.rf.bfc77c3682ff383a7061ee67b3c1057f.jpg","height":640,"width":640,"date_captured":"2025-06-11T17:25:54+00:00","extra":{"name":"Image_54.png"}},{"id":23,"license":1,"file_name":"Image_42_jpg.rf.51617e5ca32d1cd196d42fe5ecb6ce53.jpg","height":640,"width":640,"date_captured":"2025-06-11T17:25:54+00:00","extra":{"name":"Image_42.jpg"}},{"id":24,"license":1,"file_name":"Image_16_jpg.rf.f7f479690cf1d37128f0658b334dbf0e.jpg","height":640,"width":640,"date_captured":"2025-06-11T17:25:54+00:00","extra":{"name":"Image_16.jpg"}},{"id":25,"license":1,"file_name":"Image_25_jpg.rf.13e74e6b4c040767f3b97ddbd098cf57.jpg","height":640,"width":640,"date_captured":"2025-06-11T17:25:54+00:00","extra":{"name":"Image_25.jpg"}},{"id":26,"license":1,"file_name":"Image_13_jpg.rf.329dc45f15aa3915bb44cd7b43509cbe.jpg","height":640,"width":640,"date_captured":"2025-06-11T17:25:54+00:00","extra":{"name":"Image_13.jpg"}},{"id":27,"license":1,"file_name":"Image_56_jpg.rf.fdaf35b231de1559d6aa99535ca21ebd.jpg","height":640,"width":640,"date_captured":"2025-06-11T17:25:54+00:00","extra":{"name":"Image_56.jpg"}},{"id":28,"license":1,"file_name":"Image_50_jpg.rf.2deef442c3b46b3c7c9ed28f9cac820d.jpg","height":640,"width":640,"date_captured":"2025-06-11T17:25:54+00:00","extra":{"name":"Image_50.jpg"}},{"id":29,"license":1,"file_name":"Image_9_jpg.rf.e44057b058773254084598ed6a3f0fc7.jpg","height":640,"width":640,"date_captured":"2025-06-11T17:25:54+00:00","extra":{"name":"Image_9.jpg"}},{"id":30,"license":1,"file_name":"Image_19_jpg.rf.4bd2ea8af527ec38e5e1201aa4579442.jpg","height":640,"width":640,"date_captured":"2025-06-11T17:25:54+00:00","extra":{"name":"Image_19.jpg"}},{"id":31,"license":1,"file_name":"Image_26_jpg.rf.57f3be41365f8133b7c6a98d3a2f7b87.jpg","height":640,"width":640,"date_captured":"2025-06-11T17:25:54+00:00","extra":{"name":"Image_26.jpg"}},{"id":32,"license":1,"file_name":"Image_55_jpg.rf.68b07696e6e1e86f75bf541d3c258776.jpg","height":640,"width":640,"date_captured":"2025-06-11T17:25:54+00:00","extra":{"name":"Image_55.jpg"}},{"id":33,"license":1,"file_name":"Image_21_JPG.rf.bf8d8f93a20104c2ae8781bdf7374418.jpg","height":640,"width":640,"date_captured":"2025-06-11T17:25:54+00:00","extra":{"name":"Image_21.JPG"}},{"id":34,"license":1,"file_name":"Image_43_jpg.rf.127784c1c438b432f5e4ef427baf87bc.jpg","height":640,"width":640,"date_captured":"2025-06-11T17:25:54+00:00","extra":{"name":"Image_43.jpg"}},{"id":35,"license":1,"file_name":"Image_3_jpg.rf.783a03f40ae4c4cda143394aca2f394d.jpg","height":640,"width":640,"date_captured":"2025-06-11T17:25:54+00:00","extra":{"name":"Image_3.jpg"}},{"id":36,"license":1,"file_name":"Image_31_jpg.rf.063db2d72c5d136c108075c3cec33df5.jpg","height":640,"width":640,"date_captured":"2025-06-11T17:25:54+00:00","extra":{"name":"Image_31.jpg"}},{"id":37,"license":1,"file_name":"Image_37_jpg.rf.a6db2b0316b9417193900199774e4674.jpg","height":640,"width":640,"date_captured":"2025-06-11T17:25:54+00:00","extra":{"name":"Image_37.jpg"}},{"id":38,"license":1,"file_name":"Image_10_jpg.rf.7ee4fd7e2b27b372be48f46be103290d.jpg","height":640,"width":640,"date_captured":"2025-06-11T17:25:54+00:00","extra":{"name":"Image_10.jpg"}},{"id":39,"license":1,"file_name":"Image_32_jpg.rf.2241db07c2ba7157a18d23d7180a23bc.jpg","height":640,"width":640,"date_captured":"2025-06-11T17:25:54+00:00","extra":{"name":"Image_32.jpg"}},{"id":40,"license":1,"file_name":"Image_34_jpg.rf.16006fd87a09510e0095a7a42fa7c74d.jpg","height":640,"width":640,"date_captured":"2025-06-11T17:25:54+00:00","extra":{"name":"Image_34.jpg"}},{"id":41,"license":1,"file_name":"Image_39_jpg.rf.b148b274cba5d3f2d1eb4129c4c91100.jpg","height":640,"width":640,"date_captured":"2025-06-11T17:25:54+00:00","extra":{"name":"Image_39.jpg"}},{"id":42,"license":1,"file_name":"Image_52_jpg.rf.71206f9827e5e1ce01db30a8d92b5639.jpg","height":640,"width":640,"date_captured":"2025-06-11T17:25:54+00:00","extra":{"name":"Image_52.jpg"}}],"annotations":[{"id":0,"image_id":0,"category_id":1,"bbox":[9,2,294,355.5],"area":104517,"segmentation":[],"iscrowd":0},{"id":1,"image_id":0,"category_id":1,"bbox":[0,155,542,485],"area":262870,"segmentation":[],"iscrowd":0},{"id":2,"image_id":0,"category_id":1,"bbox":[250,15,390,394],"area":153660,"segmentation":[],"iscrowd":0},{"id":3,"image_id":1,"category_id":1,"bbox":[69,81,524.5,503],"area":263823.5,"segmentation":[],"iscrowd":0},{"id":4,"image_id":2,"category_id":1,"bbox":[65,29,211,537],"area":113307,"segmentation":[],"iscrowd":0},{"id":5,"image_id":2,"category_id":1,"bbox":[218,32,204,387.5],"area":79050,"segmentation":[],"iscrowd":0},{"id":6,"image_id":2,"category_id":1,"bbox":[334,63,197.5,513],"area":101317.5,"segmentation":[],"iscrowd":0},{"id":7,"image_id":3,"category_id":1,"bbox":[31,77,587.5,537.5],"area":315781.25,"segmentation":[],"iscrowd":0},{"id":8,"image_id":4,"category_id":1,"bbox":[315,105,90.5,463.5],"area":41946.75,"segmentation":[],"iscrowd":0},{"id":9,"image_id":4,"category_id":1,"bbox":[304,129,110.5,337],"area":37238.5,"segmentation":[],"iscrowd":0},{"id":10,"image_id":4,"category_id":1,"bbox":[148,372,82.5,102],"area":8415,"segmentation":[],"iscrowd":0},{"id":11,"image_id":4,"category_id":1,"bbox":[429,503,70,120.5],"area":8435,"segmentation":[],"iscrowd":0},{"id":12,"image_id":4,"category_id":1,"bbox":[473,102,161,309],"area":49749,"segmentation":[],"iscrowd":0},{"id":13,"image_id":4,"category_id":1,"bbox":[475,318,89.5,224],"area":20048,"segmentation":[],"iscrowd":0},{"id":14,"image_id":4,"category_id":1,"bbox":[226,317,79,260.5],"area":20579.5,"segmentation":[],"iscrowd":0},{"id":15,"image_id":4,"category_id":1,"bbox":[136,168,116.5,226.5],"area":26387.25,"segmentation":[],"iscrowd":0},{"id":16,"image_id":4,"category_id":1,"bbox":[16,16,227,404],"area":91708,"segmentation":[],"iscrowd":0},{"id":17,"image_id":4,"category_id":1,"bbox":[199,448,54,67],"area":3618,"segmentation":[],"iscrowd":0},{"id":18,"image_id":4,"category_id":1,"bbox":[417,427,58.5,78.5],"area":4592.25,"segmentation":[],"iscrowd":0},{"id":19,"image_id":4,"category_id":1,"bbox":[217,500,53.5,78],"area":4173,"segmentation":[],"iscrowd":0},{"id":20,"image_id":4,"category_id":1,"bbox":[364,298,85,171],"area":14535,"segmentation":[],"iscrowd":0},{"id":21,"image_id":4,"category_id":1,"bbox":[372,465,62,92],"area":5704,"segmentation":[],"iscrowd":0},{"id":22,"image_id":5,"category_id":1,"bbox":[0,119,630,399],"area":251370,"segmentation":[],"iscrowd":0},{"id":23,"image_id":6,"category_id":1,"bbox":[252,176,146,281],"area":41026,"segmentation":[],"iscrowd":0},{"id":24,"image_id":6,"category_id":1,"bbox":[302,377,244.5,247.5],"area":60513.75,"segmentation":[],"iscrowd":0},{"id":25,"image_id":6,"category_id":1,"bbox":[59,0,191,459],"area":87669,"segmentation":[],"iscrowd":0},{"id":26,"image_id":7,"category_id":1,"bbox":[13,27,405,272],"area":110160,"segmentation":[],"iscrowd":0},{"id":27,"image_id":7,"category_id":1,"bbox":[7,301,402,188.5],"area":75777,"segmentation":[],"iscrowd":0},{"id":28,"image_id":7,"category_id":1,"bbox":[153,6,450,265.5],"area":119475,"segmentation":[],"iscrowd":0},{"id":29,"image_id":8,"category_id":1,"bbox":[130,46,440.5,553.5],"area":243816.75,"segmentation":[],"iscrowd":0},{"id":30,"image_id":9,"category_id":1,"bbox":[249,92,336.5,327],"area":110035.5,"segmentation":[],"iscrowd":0},{"id":31,"image_id":9,"category_id":1,"bbox":[328,48,105,178.5],"area":18742.5,"segmentation":[],"iscrowd":0},{"id":32,"image_id":9,"category_id":1,"bbox":[433,379,105.5,165],"area":17407.5,"segmentation":[],"iscrowd":0},{"id":33,"image_id":9,"category_id":1,"bbox":[153,265,118,177],"area":20886,"segmentation":[],"iscrowd":0},{"id":34,"image_id":10,"category_id":1,"bbox":[532,0,50,41],"area":2050,"segmentation":[],"iscrowd":0},{"id":35,"image_id":10,"category_id":1,"bbox":[85,324,139.5,249.5],"area":34805.25,"segmentation":[],"iscrowd":0},{"id":36,"image_id":10,"category_id":1,"bbox":[446,372,122,191.5],"area":23363,"segmentation":[],"iscrowd":0},{"id":37,"image_id":10,"category_id":1,"bbox":[96,73,130.5,260.5],"area":33995.25,"segmentation":[],"iscrowd":0},{"id":38,"image_id":10,"category_id":1,"bbox":[215,164,140.5,276],"area":38778,"segmentation":[],"iscrowd":0},{"id":39,"image_id":10,"category_id":1,"bbox":[0,241,99,244.5],"area":24205.5,"segmentation":[],"iscrowd":0},{"id":40,"image_id":10,"category_id":1,"bbox":[356,184,132,240.5],"area":31746,"segmentation":[],"iscrowd":0},{"id":41,"image_id":10,"category_id":1,"bbox":[329,430,119.5,200],"area":23900,"segmentation":[],"iscrowd":0},{"id":42,"image_id":10,"category_id":1,"bbox":[236,44,111,166.5],"area":18481.5,"segmentation":[],"iscrowd":0},{"id":43,"image_id":10,"category_id":1,"bbox":[326,0,115,161],"area":18515,"segmentation":[],"iscrowd":0},{"id":44,"image_id":10,"category_id":1,"bbox":[482,238,86,148.5],"area":12771,"segmentation":[],"iscrowd":0},{"id":45,"image_id":10,"category_id":1,"bbox":[564,153,76,211],"area":16036,"segmentation":[],"iscrowd":0},{"id":46,"image_id":10,"category_id":1,"bbox":[3,2,97,261],"area":25317,"segmentation":[],"iscrowd":0},{"id":47,"image_id":10,"category_id":1,"bbox":[3,478,117,162],"area":18954,"segmentation":[],"iscrowd":0},{"id":48,"image_id":10,"category_id":1,"bbox":[569,355,70.5,177.5],"area":12513.75,"segmentation":[],"iscrowd":0},{"id":49,"image_id":10,"category_id":1,"bbox":[494,12,108.5,205],"area":22242.5,"segmentation":[],"iscrowd":0},{"id":50,"image_id":10,"category_id":1,"bbox":[208,432,76.5,179.5],"area":13731.75,"segmentation":[],"iscrowd":0},{"id":51,"image_id":11,"category_id":1,"bbox":[25,45,339,554],"area":187806,"segmentation":[],"iscrowd":0},{"id":52,"image_id":11,"category_id":1,"bbox":[311,179,211.5,395.5],"area":83648.25,"segmentation":[],"iscrowd":0},{"id":53,"image_id":11,"category_id":1,"bbox":[422,63,218,279],"area":60822,"segmentation":[],"iscrowd":0},{"id":54,"image_id":12,"category_id":1,"bbox":[87,3,540,585.5],"area":316170,"segmentation":[],"iscrowd":0},{"id":55,"image_id":13,"category_id":1,"bbox":[185,178,423.5,421.5],"area":178505.25,"segmentation":[],"iscrowd":0},{"id":56,"image_id":13,"category_id":1,"bbox":[0,109,357,409],"area":146013,"segmentation":[],"iscrowd":0},{"id":57,"image_id":13,"category_id":1,"bbox":[324,290,300.5,349.5],"area":105024.75,"segmentation":[],"iscrowd":0},{"id":58,"image_id":14,"category_id":1,"bbox":[226,275,272,356.5],"area":96968,"segmentation":[],"iscrowd":0},{"id":59,"image_id":14,"category_id":1,"bbox":[12,289,216.5,274],"area":59321,"segmentation":[],"iscrowd":0},{"id":60,"image_id":14,"category_id":1,"bbox":[370,72,199,253],"area":50347,"segmentation":[],"iscrowd":0},{"id":61,"image_id":14,"category_id":1,"bbox":[24,18,228.5,283.5],"area":64779.75,"segmentation":[],"iscrowd":0},{"id":62,"image_id":14,"category_id":1,"bbox":[6,6,409.5,597.5],"area":244676.25,"segmentation":[],"iscrowd":0},{"id":63,"image_id":14,"category_id":1,"bbox":[456,126,177,439.5],"area":77791.5,"segmentation":[],"iscrowd":0},{"id":64,"image_id":15,"category_id":1,"bbox":[102,21,517,596.5],"area":308390.5,"segmentation":[],"iscrowd":0},{"id":65,"image_id":16,"category_id":1,"bbox":[22,15,571.5,612.5],"area":350043.75,"segmentation":[],"iscrowd":0},{"id":66,"image_id":17,"category_id":1,"bbox":[0,128,639,465.5],"area":297454.5,"segmentation":[],"iscrowd":0},{"id":67,"image_id":18,"category_id":1,"bbox":[52,126,568.5,417],"area":237064.5,"segmentation":[],"iscrowd":0},{"id":68,"image_id":19,"category_id":1,"bbox":[18,24,601.5,538.5],"area":323907.75,"segmentation":[],"iscrowd":0},{"id":69,"image_id":20,"category_id":1,"bbox":[56,0,541,596.5],"area":322706.5,"segmentation":[],"iscrowd":0},{"id":70,"image_id":21,"category_id":1,"bbox":[127,24,390.5,585.5],"area":228637.75,"segmentation":[],"iscrowd":0},{"id":71,"image_id":22,"category_id":1,"bbox":[107,45,532.5,438.5],"area":233501.25,"segmentation":[],"iscrowd":0},{"id":72,"image_id":22,"category_id":1,"bbox":[121,313,291,308.5],"area":89773.5,"segmentation":[],"iscrowd":0},{"id":73,"image_id":23,"category_id":1,"bbox":[43,0,248,555],"area":137640,"segmentation":[],"iscrowd":0},{"id":74,"image_id":23,"category_id":1,"bbox":[283,69,284.5,511.5],"area":145521.75,"segmentation":[],"iscrowd":0},{"id":75,"image_id":24,"category_id":1,"bbox":[0,26,305.5,601],"area":183605.5,"segmentation":[],"iscrowd":0},{"id":76,"image_id":24,"category_id":1,"bbox":[131,14,234,529.5],"area":123903,"segmentation":[],"iscrowd":0},{"id":77,"image_id":24,"category_id":1,"bbox":[264,32,374,573],"area":214302,"segmentation":[],"iscrowd":0},{"id":78,"image_id":25,"category_id":1,"bbox":[100,80,476,286.5],"area":136374,"segmentation":[],"iscrowd":0},{"id":79,"image_id":25,"category_id":1,"bbox":[25,200,581.5,422.5],"area":245683.75,"segmentation":[],"iscrowd":0},{"id":80,"image_id":26,"category_id":1,"bbox":[35,0,210,612],"area":128520,"segmentation":[],"iscrowd":0},{"id":81,"image_id":26,"category_id":1,"bbox":[257,0,148.5,628],"area":93258,"segmentation":[],"iscrowd":0},{"id":82,"image_id":26,"category_id":1,"bbox":[379,12,186,382],"area":71052,"segmentation":[],"iscrowd":0},{"id":83,"image_id":26,"category_id":1,"bbox":[355,217,285,365],"area":104025,"segmentation":[],"iscrowd":0},{"id":84,"image_id":27,"category_id":1,"bbox":[0,2,301,472],"area":142072,"segmentation":[],"iscrowd":0},{"id":85,"image_id":27,"category_id":1,"bbox":[0,238,306,402],"area":123012,"segmentation":[],"iscrowd":0},{"id":86,"image_id":27,"category_id":1,"bbox":[280,0,263.5,298],"area":78523,"segmentation":[],"iscrowd":0},{"id":87,"image_id":27,"category_id":1,"bbox":[294,297,259,343],"area":88837,"segmentation":[],"iscrowd":0},{"id":88,"image_id":27,"category_id":1,"bbox":[438,122,201.5,357],"area":71935.5,"segmentation":[],"iscrowd":0},{"id":89,"image_id":28,"category_id":1,"bbox":[9,109,349,479],"area":167171,"segmentation":[],"iscrowd":0},{"id":90,"image_id":29,"category_id":1,"bbox":[65,224,206.5,303],"area":62569.5,"segmentation":[],"iscrowd":0},{"id":91,"image_id":29,"category_id":1,"bbox":[211,124,385,220.5],"area":84892.5,"segmentation":[],"iscrowd":0},{"id":92,"image_id":29,"category_id":1,"bbox":[268,272,187.5,276.5],"area":51843.75,"segmentation":[],"iscrowd":0},{"id":93,"image_id":30,"category_id":1,"bbox":[308,10,317,503.5],"area":159609.5,"segmentation":[],"iscrowd":0},{"id":94,"image_id":30,"category_id":1,"bbox":[25,30,370.5,592.5],"area":219521.25,"segmentation":[],"iscrowd":0},{"id":95,"image_id":30,"category_id":1,"bbox":[482,467,158,171],"area":27018,"segmentation":[],"iscrowd":0},{"id":96,"image_id":31,"category_id":1,"bbox":[68,53,176.5,407.5],"area":71923.75,"segmentation":[],"iscrowd":0},{"id":97,"image_id":31,"category_id":1,"bbox":[247,126,90,156.5],"area":14085,"segmentation":[],"iscrowd":0},{"id":98,"image_id":31,"category_id":1,"bbox":[205,329,146.5,261.5],"area":38309.75,"segmentation":[],"iscrowd":0},{"id":99,"image_id":31,"category_id":1,"bbox":[295,275,83.5,151],"area":12608.5,"segmentation":[],"iscrowd":0},{"id":100,"image_id":31,"category_id":1,"bbox":[343,124,205,455],"area":93275,"segmentation":[],"iscrowd":0},{"id":101,"image_id":32,"category_id":1,"bbox":[121,281,193.5,187.5],"area":36281.25,"segmentation":[],"iscrowd":0},{"id":102,"image_id":32,"category_id":1,"bbox":[299,314,185.5,184.5],"area":34224.75,"segmentation":[],"iscrowd":0},{"id":103,"image_id":32,"category_id":1,"bbox":[398,196,151.5,146],"area":22119,"segmentation":[],"iscrowd":0},{"id":104,"image_id":32,"category_id":1,"bbox":[474,316,142.5,161.5],"area":23013.75,"segmentation":[],"iscrowd":0},{"id":105,"image_id":32,"category_id":1,"bbox":[51,343,419,241.5],"area":101188.5,"segmentation":[],"iscrowd":0},{"id":106,"image_id":33,"category_id":1,"bbox":[5,19,303,321],"area":97263,"segmentation":[],"iscrowd":0},{"id":107,"image_id":33,"category_id":1,"bbox":[349,24,290.5,457],"area":132758.5,"segmentation":[],"iscrowd":0},{"id":108,"image_id":33,"category_id":1,"bbox":[160,145,223.5,395.5],"area":88394.25,"segmentation":[],"iscrowd":0},{"id":109,"image_id":34,"category_id":1,"bbox":[9,0,283.5,446.5],"area":126582.75,"segmentation":[],"iscrowd":0},{"id":110,"image_id":34,"category_id":1,"bbox":[106,0,533.5,395],"area":210732.5,"segmentation":[],"iscrowd":0},{"id":111,"image_id":34,"category_id":1,"bbox":[274,209,151,383],"area":57833,"segmentation":[],"iscrowd":0},{"id":112,"image_id":35,"category_id":1,"bbox":[60,53,499.5,511],"area":255244.5,"segmentation":[],"iscrowd":0},{"id":113,"image_id":36,"category_id":1,"bbox":[3,198,242,423.5],"area":102487,"segmentation":[],"iscrowd":0},{"id":114,"image_id":36,"category_id":1,"bbox":[155,96,358,509.5],"area":182401,"segmentation":[],"iscrowd":0},{"id":115,"image_id":37,"category_id":1,"bbox":[22,104,343,527],"area":180761,"segmentation":[],"iscrowd":0},{"id":116,"image_id":37,"category_id":1,"bbox":[277,22,363,579],"area":210177,"segmentation":[],"iscrowd":0},{"id":117,"image_id":38,"category_id":1,"bbox":[252,12,388,402],"area":155976,"segmentation":[],"iscrowd":0},{"id":118,"image_id":38,"category_id":1,"bbox":[33,136,353,455],"area":160615,"segmentation":[],"iscrowd":0},{"id":119,"image_id":39,"category_id":1,"bbox":[128,17,342,552],"area":188784,"segmentation":[],"iscrowd":0},{"id":120,"image_id":39,"category_id":1,"bbox":[0,6,137.5,463.5],"area":63731.25,"segmentation":[],"iscrowd":0},{"id":121,"image_id":39,"category_id":1,"bbox":[21,321,230,315],"area":72450,"segmentation":[],"iscrowd":0},{"id":122,"image_id":39,"category_id":1,"bbox":[234,341,404,299],"area":120796,"segmentation":[],"iscrowd":0},{"id":123,"image_id":40,"category_id":1,"bbox":[10,0,309,442],"area":136578,"segmentation":[],"iscrowd":0},{"id":124,"image_id":40,"category_id":1,"bbox":[231,48,397,578],"area":229466,"segmentation":[],"iscrowd":0},{"id":125,"image_id":40,"category_id":1,"bbox":[185,0,299,406],"area":121394,"segmentation":[],"iscrowd":0},{"id":126,"image_id":41,"category_id":1,"bbox":[36,72,274,538.5],"area":147549,"segmentation":[],"iscrowd":0},{"id":127,"image_id":41,"category_id":1,"bbox":[435,156,191,435],"area":83085,"segmentation":[],"iscrowd":0},{"id":128,"image_id":42,"category_id":1,"bbox":[222,42,338.5,554.5],"area":187698.25,"segmentation":[],"iscrowd":0},{"id":129,"image_id":42,"category_id":1,"bbox":[0,30,213,548],"area":116724,"segmentation":[],"iscrowd":0}]}